latin	french	gbif	ncbi	full	Mam	Mars	Bird	Rep	Fish	Dino	Inv	Plan	Fung	Bact	Fruits	Ferme	Foret	Maladie	mer	primate	cute	ugly
Allosaurus fragilis	Allosaure	4822588.0		Animalia Chordata   Allosauridae Allosaurus						1												
Ankylosaurus magniventris	Ankylosaure	4965736.0		Animalia Chordata   Ankylosauridae Ankylosaurus						1												
Apatosaurus louisae	Apatosaure	4967501.0		Animalia Chordata   Diplodocidae Apatosaurus						1												
Archaeopteryx lithographica	Archéoptéryx	4847899.0		Animalia Chordata Aves  Archaeopterygidae Archaeopteryx						1												
Brachiosaurus altithorax	Brachiosaure	4967320.0		Animalia Chordata   Brachiosauridae Brachiosaurus						1												
Carcharodontosaurus saharicus	Carcharodontosaure	4967049.0		Animalia Chordata   Carcharodontosauridae Carcharodontosaurus						1												
Carnotaurus sastrei	Carnotaure	4966165.0		Animalia Chordata   Abelisauridae Carnotaurus						1												
Coelophysis bauri	Coelophysis	4967136.0		Animalia Chordata   Coeluridae Coelurus						1												
Compsognathus longipes	Compsognathus	4966952.0		Animalia Chordata   Compsognathidae Compsognathus						1												
Corythosaurus casuarius	Corythosaure	4965937.0	8786	Animalia Chordata   Lambeosauridae Corythosaurus						1												
Deinonychus antirrhopus	Deinonychus	4966355.0		Animalia Chordata   Dromaeosauridae Deinonychus						1												
Dilophosaurus wetherilli	Dilophosaure	4967130.0		Animalia Chordata   Troodontidae Dilophosaurus						1												
Diplodocus carnegii	Diplodocus	4967492.0		Animalia Chordata   Diplodocidae Diplodocus						1												
Gallimimus bullatus	Gallimimus	4822904.0		Animalia Chordata   Ornithomimidae Gallimimus						1												
Giganotosaurus carolinii	Giganotosaure	4967055.0		Animalia Chordata   Carcharodontosauridae Giganotosaurus						1												
Herrerasaurus ischigualastensis	Herrérasaure	4967147.0		Animalia Chordata   Herrerasauridae Herrerasaurus						1												
Iguanodon bernissartensis	Iguanodon	4965972.0		Animalia Chordata   Iguanodontidae Iguanodon						1												
Maiasaura peeblesorum	Maiasaura	4823312.0		Animalia Chordata   Hadrosauridae Maiasaura						1												
Microraptor gui	Microraptor	4966326.0		Animalia Chordata   Dromaeosauridae Microraptor						1												
Oviraptor philoceratops	Oviraptor	4966297.0		Animalia Chordata   Oviraptoridae Oviraptor						1												
Pachycephalosaurus wyomingensis	Pachycéphalosaure	4965835.0		Animalia Chordata   Troodontidae Troodon						1												
Parasaurolophus walkeri	Parasaurolophe	4965917.0		Animalia Chordata   Lambeosauridae Parasaurolophus						1												
Plateosaurus engelhardti	Platéosaure	4967205.0		Animalia Chordata   Plateosauridae Plateosaurus						1												
Spinosaurus aegyptiacus	Spinosaure	4967112.0		Animalia Chordata   Spinosauridae Spinosaurus						1												
Stegosaurus stenops	Stégosaure	8541999.0	3704890	Animalia Chordata   Stegosauridae Stegosaurus						1												
Styracosaurus albertensis	Styracosaure	4965799.0		Animalia Chordata   Ceratopsidae Styracosaurus						1												
Therizinosaurus cheloniformis	Thérizinosaure	4822615.0		Animalia Chordata   Therizinosauridae Therizinosaurus						1												
Triceratops horridus	Tricératops	4965814.0		Animalia Chordata   Ceratopsidae Ceratops						1												
Tyrannosaurus rex	Tyrannosaure	4822633.0	436495	Animalia Chordata   Tyrannosauridae Tyrannosaurus						1												
Velociraptor mongoliensis	Vélociraptor	4822952.0	5473479	Animalia Chordata   Dromaeosauridae Velociraptor						1												
Abies alba	Sapin blanc	2685484.0	45372	Plantae Tracheophyta Pinopsida Pinales Pinaceae Abies								1										
Acanthurus lineatus	Chirurgien zèbre	5209244.0	483362	Animalia Chordata  Perciformes Acanthuridae Acanthurus					1													
Acarus siro	Ciron de la farine	5799830.0	66546	Animalia Arthropoda Arachnida Sarcoptiformes Acaridae Acarus							1											
Acer platanoides	érable plane	3189846.0	4025	Plantae Tracheophyta Magnoliopsida Sapindales Sapindaceae Acer								1										
Acer saccharum	Érable à sucre	3189859.0	4024	Plantae Tracheophyta Magnoliopsida Sapindales Sapindaceae Acer								1										
Achatina fulica	Escargot géant africain	10928934.0	2315439	Animalia Mollusca Gastropoda Stylommatophora Achatinidae Lissachatina							1											
Acheta domesticus	grillon domestique	1718308.0	6997	Animalia Arthropoda Insecta Orthoptera Gryllidae Acheta							1											
Acinonyx jubatus	Guépard	2435270.0	32536	Animalia Chordata Mammalia Carnivora Felidae Acinonyx	1																	
Acipenser oxyrinchus	esturgeon noir	4287132.0	36177	Animalia Chordata  Acipenseriformes Acipenseridae Acipenser					1													
Acipenser sturio	Esturgeon Commun	2402203.0	61674	Animalia Chordata  Acipenseriformes Acipenseridae Acipenser					1													
Actinidia chinensis	Kiwi de chine	3189694.0	3625	Plantae Tracheophyta Magnoliopsida Ericales Actinidiaceae Actinidia								1			1							
Actinidia deliciosa	Kiwi	7270761.0	3627	Plantae Tracheophyta Magnoliopsida Ericales Actinidiaceae Actinidia								1			1							
Addax nasomaculatus	Addax	2441101.0	59515	Animalia Chordata Mammalia Artiodactyla Bovidae Addax	1																	
Adiantum capillus-veneris	Capillaire cheveu-de-Vénus	2651816.0	13818	Plantae Tracheophyta Polypodiopsida Polypodiales Pteridaceae Adiantum								1										
Aedes aegypti	Moustique tigre de la fièvre jaune	1651891.0	7159	Animalia Arthropoda Insecta Diptera Culicidae Aedes							1											
Aepyprymnus rufescens	Kangourou-rat Roussâtre	2440030.0	38598	Animalia Chordata Mammalia Diprotodontia Potoroidae Aepyprymnus		1																
Agalychnis callidryas	Rainette aux yeux rouges	2428197.0	197464	Animalia Chordata Amphibia Anura Phyllomedusidae Agalychnis				1														
Agaricus bisporus	Champignon de Paris	5243447.0	5341	Fungi Basidiomycota Agaricomycetes Agaricales Agaricaceae Agaricus									1		1							
Agaricus campestris	Rosé des prés	5243458.0	56157	Fungi Basidiomycota Agaricomycetes Agaricales Agaricaceae Agaricus									1		1							
Ailuropoda melanoleuca	Panda géant	2433399.0	9646	Animalia Chordata Mammalia Carnivora Ursidae Ailuropoda	1																1	
Ailurus fulgens	Panda éclatant	5219446.0	9649	Animalia Chordata Mammalia Carnivora Ailuridae Ailurus	1																	
Akkermansia muciniphila	Akkermansia muciniphila	3229029.0	239935	Bacteria Verrucomicrobiota Verrucomicrobiae Verrucomicrobiales Akkermansiaceae Akkermansia										1								
Alcedo atthis	Martin-pêcheur d’Europe	2475532.0	36245	Animalia Chordata Aves Coraciiformes Alcedinidae Alcedo			1														1	
Alces alces	Élan	2440940.0	9852	Animalia Chordata Mammalia Artiodactyla Cervidae Alces	1												1					
Alligator mississippiensis	Alligator d'Amérique	2441370.0	8496	Animalia Chordata Crocodylia  Alligatoridae Alligator				1														1
Alligator sinensis	Alligator de Chine	2441368.0	38654	Animalia Chordata Crocodylia  Alligatoridae Alligator				1														
Allium ampeloprasum	Poireau d'été	9624496.0	4681	Plantae Tracheophyta Liliopsida Asparagales Amaryllidaceae Allium								1			1							
Allium cepa	Oignon	2857697.0	4679	Plantae Tracheophyta Liliopsida Asparagales Amaryllidaceae Allium								1			1							
Allium sativum	ail	2856681.0	4682	Plantae Tracheophyta Liliopsida Asparagales Amaryllidaceae Allium								1			1							
Alouatta seniculus	Hurleur roux	2436648.0	9503	Animalia Chordata Mammalia Primates Atelidae Alouatta	1															1		
Amanita caesarea	Oronge	5240269.0	67695	Fungi Basidiomycota Agaricomycetes Agaricales Amanitaceae Amanita									1		1							
Amanita muscaria	Amanite tue-mouches	8168319.0	41956	Fungi Basidiomycota Agaricomycetes Agaricales Amanitaceae Amanita									1									
Amanita phalloides	amanite phalloïde	5240325.0	67723	Fungi Basidiomycota Agaricomycetes Agaricales Amanitaceae Amanita									1									
Amazona aestiva	Amazone à front bleu	2479662.0	12930	Animalia Chordata Aves Psittaciformes Psittacidae Amazona			1															
Amblyomma americanum	Tique étoilée américaine	2184301.0	6943	Animalia Arthropoda Arachnida Ixodida Ixodidae Amblyomma							1											
Amblyrhynchus cristatus	Amblyrhynche à crête	5224602.0	51208	Animalia Chordata Squamata  Iguanidae Amblyrhynchus				1														
Amphiprion ocellaris	Poisson-clown à trois bandes	5212106.0	80972	Animalia Chordata  Perciformes Pomacentridae Amphiprion					1													
Anabas testudineus	Perche grimpeuse	2391579.0	64144	Animalia Chordata  Perciformes Anabantidae Anabas					1													
Anacardium occidentale	Anacardier	5421368.0	171929	Plantae Tracheophyta Magnoliopsida Sapindales Anacardiaceae Anacardium								1			1							
Ananas comosus	Ananas	5288819.0	4615	Plantae Tracheophyta Liliopsida Poales Bromeliaceae Ananas								1			1							
Anas platyrhynchos	Canard colvert	9761484.0	8839	Animalia Chordata Aves Anseriformes Anatidae Anas			1									1			1		1	
Anax imperator	Anax Empereur	5051775.0	39274	Animalia Arthropoda Insecta Odonata Aeshnidae Anax							1											
Androctonus australis	Androctone du Sud	6894141.0	6858	Animalia Arthropoda Arachnida Scorpiones Buthidae Androctonus							1											1
Anethum graveolens	Aneth	3034646.0	40922	Plantae Tracheophyta Magnoliopsida Apiales Apiaceae Anethum								1			1							
Anguilla anguilla	anguille	5212973.0	7936	Animalia Chordata  Anguilliformes Anguillidae Anguilla					1													
Anolis carolinensis	Anolis vert	2466939.0	28377	Animalia Chordata Squamata  Dactyloidae Anolis				1														
Anolis sagrei	Anolis brun	4287413.0	38937	Animalia Chordata Squamata  Dactyloidae Anolis				1														
Anopheles gambiae	Anophèle gambien	1650518.0	7165	Animalia Arthropoda Insecta Diptera Culicidae Anopheles							1											
Anser anser	Oie cendrée	2498036.0	8843	Animalia Chordata Aves Anseriformes Anatidae Anser			1									1						
Antaresia childreni	Python de Children	2465003.0	51888	Animalia Chordata Squamata  Pythonidae Antaresia				1														
Antechinus stuartii	Souris Marsupiale Brune D´australie	2435370.0	9283	Animalia Chordata Mammalia Dasyuromorphia Dasyuridae Antechinus		1																
Antilocapra americana	Antilocapre	2440902.0	9891	Animalia Chordata Mammalia Artiodactyla Antilocapridae Antilocapra	1																	
Aotus trivirgatus	Douroucouli commun	5219590.0	9505	Animalia Chordata Mammalia Primates Aotidae Aotus	1															1		
Apis mellifera	Abeille domestique	1341976.0	7460	Animalia Arthropoda Insecta Hymenoptera Apidae Apis							1					x						
Apium graveolens	Cèleri	5371879.0	4045	Plantae Tracheophyta Magnoliopsida Apiales Apiaceae Apium								1			1							
Aplysia californica	Lièvre de mer de Californie	5191261.0	6500	Animalia Mollusca Gastropoda Aplysiida Aplysiidae Aplysia							1											
Aptenodytes forsteri	Manchot empereur	2481661.0	9233	Animalia Chordata Aves Sphenisciformes Spheniscidae Aptenodytes			1														1	
Aptenodytes patagonicus	Manchot royal	2481660.0	9234	Animalia Chordata Aves Sphenisciformes Spheniscidae Aptenodytes			1															
Apteryx australis	Kiwi austral	2495145.0	8822	Animalia Chordata Aves Apterygiformes Apterygidae Apteryx			1															
Apus apus	Martinet noir	5228676.0	8895	Animalia Chordata Aves Apodiformes Apodidae Apus			1															
Aquila chrysaetos	Aigle royal	2480506.0	8962	Animalia Chordata Aves Accipitriformes Accipitridae Aquila			1										1					
Ara ararauna	Ara bleu	5959231.0	9226	Animalia Chordata Aves Psittaciformes Psittacidae Ara			1															
Ara chloropterus	Ara chloroptère	5959225.0	176013	Animalia Chordata Aves Psittaciformes Psittacidae Ara			1															
Ara macao	Ara rouge	5959227.0	176014	Animalia Chordata Aves Psittaciformes Psittacidae Ara			1															
Arabidopsis thaliana	Arabette de Thalius	3052436.0	3702	Plantae Tracheophyta Magnoliopsida Brassicales Brassicaceae Arabidopsis								1										
Arachis hypogaea	Arachide	5353770.0	3818	Plantae Tracheophyta Magnoliopsida Fabales Fabaceae Arachis								1			1							
Araneus diadematus	araignée porte-croix	2160133.0	45920	Animalia Arthropoda Arachnida Araneae Araneidae Araneus							1											
Arapaima gigas	Arapaïma	5212877.0	113544	Animalia Chordata  Osteoglossiformes Arapaimidae Arapaima					1													
Araucaria araucana	Araucaria du Chili	2684984.0	42754	Plantae Tracheophyta Pinopsida Pinales Araucariaceae Araucaria								1										
Ardea alba	Grande Aigrette	9752617.0	110620	Animalia Chordata Aves Pelecaniformes Ardeidae Ardea			1										1		1			
Ardea cinerea	Héron cendré	9797180.0	30390	Animalia Chordata Aves Pelecaniformes Ardeidae Ardea			1										1		1			
Arenicola marina	Arénicole commune	5197443.0	6344	Animalia Annelida Polychaeta  Arenicolidae Arenicola							1								1			
Argiope bruennichi	Argiope frelon	5170994.0	94029	Animalia Arthropoda Arachnida Araneae Araneidae Argiope							1											
Argyrosomus regius	Courbine	5212437.0	172269	Animalia Chordata  Perciformes Sciaenidae Argyrosomus					1										1			
Arion vulgaris	Limace espagnole	7540164.0	1028688	Animalia Mollusca Gastropoda Stylommatophora Arionidae Arion							1											
Armillaria mellea	Armillaire couleur de miel	2536891.0	47429	Fungi Basidiomycota Agaricomycetes Agaricales Physalacriaceae Armillaria									1		1							
Artemia salina	Artémie	2235237.0	85549	Animalia Arthropoda Branchiopoda Anostraca Artemiidae Artemia							1											
Ascaris lumbricoides	Ascaris (parasite)	4558786.0	6252	Animalia Nematoda Chromadorea Rhabditida Ascarididae Ascaris							1											1
Asparagus officinalis	asperge	2768885.0	4686	Plantae Tracheophyta Liliopsida Asparagales Asparagaceae Asparagus								1			1							
Aspergillus flavus	Aspergillus jaune (Aspergilose)	5259820.0	5059	Fungi Ascomycota Eurotiomycetes Eurotiales Aspergillaceae Aspergillus									1					1				
Aspergillus fumigatus	Aspergillus fumigatus (Aspergillose)	5260010.0	746128	Fungi Ascomycota Eurotiomycetes Eurotiales Aspergillaceae Aspergillus									1					1				
Aspergillus niger	Aspergillus noir (Aspergilose)	3465658.0	5061	Fungi Ascomycota Eurotiomycetes Eurotiales Aspergillaceae Aspergillus									1					1				
Astacus astacus	Écrevisse á Pattes Rouges	2226998.0	6715	Animalia Arthropoda Malacostraca Decapoda Astacidae Astacus							1											
Astrochelys radiata	Tortue Radiée De Madagascar	2441666.0	66190	Animalia Chordata Testudines  Testudinidae Astrochelys				1														
Astrochelys yniphora	Tortue à éperon	2441673.0	532073	Animalia Chordata Testudines  Testudinidae Astrochelys				1														
Atherurus africanus	Athérure africain	5219892.0	192881	Animalia Chordata Mammalia Rodentia Hystricidae Atherurus	1																	
Atrax robustus	Atraxe robuste	2145055.0	6903	Animalia Arthropoda Arachnida Araneae Atracidae Atrax							1											1
Atta cephalotes	Fourmi coupe-feuille	5035748.0	12957	Animalia Arthropoda Insecta Hymenoptera Formicidae Atta							1											
Attacus atlas	Bombyx atlas	5124716.0	63978	Animalia Arthropoda Insecta Lepidoptera Saturniidae Attacus							1											
Auricularia auricula-judae	Oreille-de-Judas	5249271.0	29892	Fungi Basidiomycota Agaricomycetes Auriculariales Auriculariaceae Auricularia									1		1							
Avena sativa	Avoine cultivée	2705290.0	4498	Plantae Tracheophyta Liliopsida Poales Poaceae Avena								1			1							
Bacillus anthracis	Bacille du charbon (Anthrax : maladie du charbon)	5428037.0	1392	Bacteria Firmicutes Bacilli Bacillales Bacillaceae Bacillus										1				1				
Bacillus subtilis	Bacille subtil	10826006.0	1423	Bacteria Firmicutes Bacilli Bacillales Bacillaceae Bacillus										1								
Bacteroides fragilis	Bactéroïde fragile (Abcès abdominal)	10887161.0	817	Bacteria Bacteroidota Bacteroidia Bacteroidales Bacteroidaceae Bacteroides										1				1				
Balaenoptera musculus	Baleine bleue	2440735.0	9771	Animalia Chordata Mammalia Cetacea Balaenopteridae Balaenoptera	1														1			
Balaenoptera physalus	Baleine à nageoires	2440718.0	9770	Animalia Chordata Mammalia Cetacea Balaenopteridae Balaenoptera	1														1			
Balanus balanus	Balanes commune	2115719.0	172567	Animalia Arthropoda Maxillopoda Sessilia Balanidae Balanus							1								1			
Balistoides conspicillum	Baliste clown	2407129.0	303689	Animalia Chordata  Tetraodontiformes Balistidae Balistoides					1													
Basiliscus basiliscus	Basilic commun	5221813.0	161134	Animalia Chordata Squamata  Corytophanidae Basiliscus				1														
Bellis perennis	pâquerette	3117424.0	41492	Plantae Tracheophyta Magnoliopsida Asterales Asteraceae Bellis								1										
Bertholletia excelsa	Noix Du Brésil	3083180.0	3645	Plantae Tracheophyta Magnoliopsida Ericales Lecythidaceae Bertholletia								1			1							
Beta vulgaris	betterave	8971274.0	161934	Plantae Tracheophyta Magnoliopsida Caryophyllales Amaranthaceae Beta								1			1							
Betta splendens	combattant	2393998.0	158456	Animalia Chordata  Perciformes Osphronemidae Betta					1													
Bettongia gaimardi	Kangourou-rat de Gaimard	2440025.0	223568	Animalia Chordata Mammalia Diprotodontia Potoroidae Bettongia		1																
Betula pendula	Bouleau verruqueux	5331916.0	3505	Plantae Tracheophyta Magnoliopsida Fagales Betulaceae Betula								1										
Bifidobacterium longum	Bifidobactérie longue	3223523.0	216816	Bacteria Actinobacteriota Actinomycetia Actinomycetales Bifidobacteriaceae Bifidobacterium										1								
Bison bison	Bison d'Amérique	2441176.0	9901	Animalia Chordata Mammalia Artiodactyla Bovidae Bison	1																	
Bison bonasus	Bison D'Europe	2441184.0	9902	Animalia Chordata Mammalia Artiodactyla Bovidae Bison	1												1					
Bitis arietans	Vipère heurtante	8901465.0	8692	Animalia Chordata Squamata  Viperidae Bitis				1														
Bitis gabonica	Vipère du Gabon	9102011.0	8694	Animalia Chordata Squamata  Viperidae Bitis				1														1
Blatta orientalis	Blatte orientale	5151589.0	6976	Animalia Arthropoda Insecta Blattodea Blattidae Blatta							1											1
Blattella germanica	Blatte germanique	1997215.0	6973	Animalia Arthropoda Insecta Blattodea Ectobiidae Blattella							1											
Boa constrictor	Boa constricteur	2464899.0	8574	Animalia Chordata Squamata  Boidae Boa				1														
Boletus edulis	Cèpe de Bordeaux	5954958.0	36056	Fungi Basidiomycota Agaricomycetes Boletales Boletaceae Boletus									1		1							
Bombus terrestris	Bourdon terrestre	1340503.0	30195	Animalia Arthropoda Insecta Hymenoptera Apidae Bombus							1										1	
Bombyx mori	Bombyx du mûrier	1868664.0	7091	Animalia Arthropoda Insecta Lepidoptera Bombycidae Bombyx							1											
Borrelia burgdorferi	Borrelia de Lyme (Maladie de Lyme)	3228185.0	139	Bacteria Spirochaetota Spirochaetia Borreliales Borreliaceae Borreliella										1				1				
Bos taurus	Boeuf domestique  Vache domestique	2441022.0	9913	Animalia Chordata Mammalia Artiodactyla Bovidae Bos	1											1						
Brachypelma hamorii	Mygale à genoux rouges mexicaine	2153428.0	1750707	Animalia Arthropoda Arachnida Araneae Theraphosidae Brachypelma							1											
Bradypus variegatus	Paresseux à gorge brune	2436353.0	9355	Animalia Chordata Mammalia Pilosa Bradypodidae Bradypus	1																	
Branta canadensis	Bernache du Canada	5232437.0	8853	Animalia Chordata Aves Anseriformes Anatidae Branta			1															
Brassica napus	navette	3042636.0	3708	Plantae Tracheophyta Magnoliopsida Brassicales Brassicaceae Brassica								1			1							
Brassica oleracea	Chou Commun	3042845.0	3712	Plantae Tracheophyta Magnoliopsida Brassicales Brassicaceae Brassica								1			1							
Brassica rapa	navette dété	7903057.0	3711	Plantae Tracheophyta Magnoliopsida Brassicales Brassicaceae Brassica								1			1							
Brettanomyces bruxellensis	Dekkera bruxellensis	3479418.0	5007	Fungi Ascomycota Saccharomycetes Saccharomycetales Saccharomycetaceae Dekkera									1									
Bubo bubo	Hibou grand-duc	5959092.0	30461	Animalia Chordata Aves Strigiformes Strigidae Bubo			1										1					
Buceros bicornis	Calao bicorne	2476012.0	175830	Animalia Chordata Aves Bucerotiformes Bucerotidae Buceros			1															
Bungarus caeruleus	Bongare indien	9133009.0	132961	Animalia Chordata Squamata  Elapidae Bungarus				1														
Bungarus fasciatus	Bongare annelé	5226830.0	8613	Animalia Chordata Squamata  Elapidae Bungarus				1														
Buprestis aurulenta	Bupreste doré	1049530.0	2917887	Animalia Arthropoda Insecta Coleoptera Buprestidae Buprestis							1											
Buteo buteo	Buse variable	2480537.0	30397	Animalia Chordata Aves Accipitriformes Accipitridae Buteo			1										1					
Buteo jamaicensis	Buse à queue rousse	2480542.0	56263	Animalia Chordata Aves Accipitriformes Accipitridae Buteo			1															
Cacatua galerita	Cacatoès à huppe jaune	2479888.0	141274	Animalia Chordata Aves Psittaciformes Psittacidae Cacatua			1															
Caiman crocodilus	Caïman à lunettes	8953936.0	8499	Animalia Chordata Crocodylia  Alligatoridae Caiman				1														
Callithrix jacchus	Ouistiti à pinceaux blancs	5219542.0	9483	Animalia Chordata Mammalia Primates Callitrichidae Callithrix	1															1	1	
Calopteryx splendens	Caloptéryx Éclatant	1427067.0	52612	Animalia Arthropoda Insecta Odonata Calopterygidae Calopteryx							1											
Caluromys philander	Opossum laineux jaune	2439999.0	70610	Animalia Chordata Mammalia Didelphimorphia Didelphidae Caluromys		1																
Camellia sinensis	Théier	3189635.0	4442	Plantae Tracheophyta Magnoliopsida Ericales Theaceae Camellia								1										
Camelus bactrianus	Chameau de Bactriane	2441238.0	9837	Animalia Chordata Mammalia Artiodactyla Camelidae Camelus	1																	
Camelus dromedarius	Dromadaire	9055455.0	9838	Animalia Chordata Mammalia Artiodactyla Camelidae Camelus	1																	
Camponotus pennsylvanicus	Fourmi charpentière de Pennsylvanie	5034116.0	104422	Animalia Arthropoda Insecta Hymenoptera Formicidae Camponotus							1											
Campylobacter jejuni	Campylobacter jejuni (Gastro-entérite)	3223337.0	197	Bacteria Campylobacterota Campylobacteria Campylobacterales Campylobacteraceae Campylobacter										1				1				
Cancer pagurus	Tourteau	2222085.0	6755	Animalia Arthropoda Malacostraca Decapoda Cancridae Cancer							1								1			
Candida albicans	Candida albicans (Candidose)	2599597.0	5476	Fungi Ascomycota Saccharomycetes Saccharomycetales Debaryomycetaceae Candida									1					1				
Candida glabrata	Candida glabrata (Candidose)	2599530.0	5478	Fungi Ascomycota Saccharomycetes Saccharomycetales Saccharomycetaceae Nakaseomyces									1					1				
Canis lupus	loup / chien	5219173.0	9612	Animalia Chordata Mammalia Carnivora Canidae Canis	1											1	1					
Cannabis sativa	Chanvre / Cannabis	5361880.0	3483	Plantae Tracheophyta Magnoliopsida Rosales Cannabaceae Cannabis								1										
Cantharellus cibarius	Girolle	5249504.0	36066	Fungi Basidiomycota Agaricomycetes Cantharellales Hydnaceae Cantharellus									1		1							
Capra hircus	Chèvre	2441056.0	9925	Animalia Chordata Mammalia Artiodactyla Bovidae Capra	1											1						
Capreolus capreolus	Chevreuil	5220126.0	9858	Animalia Chordata Mammalia Artiodactyla Cervidae Capreolus	1												1					
Caprimulgus europaeus	Engoulevent d'Europe	8109681.0	111811	Animalia Chordata Aves Caprimulgiformes Caprimulgidae Caprimulgus			1															
Capsicum annuum	Piment	2932944.0	4072	Plantae Tracheophyta Magnoliopsida Solanales Solanaceae Capsicum								1			1							
Capsicum chinense	Piment habanero	2932942.0	80379	Plantae Tracheophyta Magnoliopsida Solanales Solanaceae Capsicum								1			1							
Carassius auratus	Poisson rouge	4286942.0	7957	Animalia Chordata  Cypriniformes Cyprinidae Carassius					1													
Carcharhinus leucas	Requin-bouledogue	2418036.0	46612	Animalia Chordata Elasmobranchii Carcharhiniformes Carcharhinidae Carcharhinus					1													1
Carcharhinus melanopterus	Requin à pointes noires	2417981.0	263686	Animalia Chordata Elasmobranchii Carcharhiniformes Carcharhinidae Carcharhinus					1													1
Carcharodon carcharias	Grand requin blanc	2420694.0	13397	Animalia Chordata Elasmobranchii Lamniformes Lamnidae Carcharodon					1													1
Carcinus maenas	Crabe vert	5178595.0	6759	Animalia Arthropoda Malacostraca Decapoda Carcinidae Carcinus							1								1			
Carduelis carduelis	Chardonneret élégant	2494686.0	37600	Animalia Chordata Aves Passeriformes Fringillidae Carduelis			1										1					
Caretta caretta	Tortue caouanne	8894817.0	8467	Animalia Chordata Testudines  Cheloniidae Caretta				1											1		1	
Carica papaya	Papayer	2874484.0	3649	Plantae Tracheophyta Magnoliopsida Brassicales Caricaceae Carica								1			1							
Carthamus tinctorius	Carthame des teinturiers	3138327.0	4222	Plantae Tracheophyta Magnoliopsida Asterales Asteraceae Carthamus								1										
Castanea sativa	châtaignier	5333294.0	21020	Plantae Tracheophyta Magnoliopsida Fagales Fagaceae Castanea								1			1							
Castor canadensis	castor du Canada	2439838.0	51338	Animalia Chordata Mammalia Rodentia Castoridae Castor	1																1	
Casuarius casuarius	Casoar à casque	5231783.0	8787	Animalia Chordata Aves Casuariiformes Casuariidae Casuarius			1															
Cavia porcellus	Cochon d’Inde	5219702.0	10141	Animalia Chordata Mammalia Rodentia Caviidae Cavia	1											1						
Cebus capucinus	Sajou à gorge blanche	2436637.0	9516	Animalia Chordata Mammalia Primates Cebidae Cebus	1															1		
Cedrus libani	Cèdre du Liban	5284682.0	93692	Plantae Tracheophyta Pinopsida Pinales Pinaceae Cedrus								1										
Ceratotherium simum	Rhinocéros blanc	2440880.0	9807	Animalia Chordata Mammalia Perissodactyla Rhinocerotidae Ceratotherium	1																	
Certhia familiaris	Grimpereau des bois	2487603.0	73333	Animalia Chordata Aves Passeriformes Certhiidae Certhia			1										1					
Cervus elaphus	Cerf Élaphe	2440958.0	9860	Animalia Chordata Mammalia Artiodactyla Cervidae Cervus	1												1					
Chaeropus ecaudatus	Bandicoot À Pied De Porc	5219454.0	92649	Animalia Chordata Mammalia Peramelemorphia Chaeropodidae Chaeropus		1																
Chaetodon auriga	Papillon jaune	2385390.0	39042	Animalia Chordata  Perciformes Chaetodontidae Chaetodon					1													
Chalcides ocellatus	Seps ocellé	5225137.0	63341	Animalia Chordata Squamata  Scincidae Chalcides				1														
Chamaeleo chamaeleon	caméléon commun	2449051.0	91907	Animalia Chordata Squamata  Chamaeleonidae Chamaeleo				1														
Chelmon rostratus	Chelmon à bec médiocre	5209920.0	109905	Animalia Chordata  Perciformes Chaetodontidae Chelmon					1													
Chelonia mydas	Tortue comestible	2442225.0	8469	Animalia Chordata Testudines  Cheloniidae Chelonia				1											1		1	
Chelonoidis carbonarius	Tortue charbonnière à pattes rouges	9533689.0	50047	Animalia Chordata Testudines  Testudinidae Chelonoidis				1														
Chelonoidis nigra	Tortue géante des Galápagos	5220266.0	66189	Animalia Chordata Testudines  Testudinidae Chelonoidis				1														
Chelydra serpentina	Tortue serpentine	2441905.0	8475	Animalia Chordata Testudines  Chelydridae Chelydra				1														
Chinchilla lanigera	Chinchilla À Longue Queue	5219944.0	34839	Animalia Chordata Mammalia Rodentia Chinchillidae Chinchilla	1																	
Chironectes minimus	Yapock	5219955.0	91500	Animalia Chordata Mammalia Didelphimorphia Didelphidae Chironectes		1																
Chiton olivaceus	Chiton olivâtre	9104.0	256108	Animalia Mollusca Polyplacophora Chitonida Chitonidae 							1								1			
Chlamydia trachomatis	Chlamydia trachomatis (Chlamydiose)	9098612.0	813	Bacteria Chlamydiota Chlamydiia Chlamydiales Chlamydiaceae Chlamydia										1				1				
Chlamydosaurus kingii	Lézard à collerette	2466087.0	103699	Animalia Chordata Squamata  Agamidae Chlamydosaurus				1														
Choloepus hoffmanni	Unau d'Hoffmann	5219520.0	9358	Animalia Chordata Mammalia Pilosa Megalonychidae Choloepus	1																	
Chondrus crispus	Chondrus crispé / Mousse d’Irlande	5279115.0	2769	Plantae Rhodophyta Florideophyceae Gigartinales Gigartinaceae Chondrus								1										
Cicada orni	Cigale de l’orne	11104870.0	134416	Animalia Arthropoda Insecta Hemiptera Cicadidae Cicada							1											
Cicer arietinum	Pois chiche	2947311.0	3827	Plantae Tracheophyta Magnoliopsida Fabales Fabaceae Cicer								1			1							
Ciconia ciconia	Cigogne blanche	2481912.0	8928	Animalia Chordata Aves Ciconiiformes Ciconiidae Ciconia			1										1					
Ciconia nigra	Cigogne noire	2481909.0	36241	Animalia Chordata Aves Ciconiiformes Ciconiidae Ciconia			1															
Cimex lectularius	Punaise de lit	2021062.0	79782	Animalia Arthropoda Insecta Hemiptera Cimicidae Cimex							1											
Citrullus lanatus	pastèque	2874621.0	3654	Plantae Tracheophyta Magnoliopsida Cucurbitales Cucurbitaceae Citrullus								1			1							
Citrus limon	citronnier	7647136.0	2708	Plantae Tracheophyta Magnoliopsida Sapindales Rutaceae Citrus								1			1							
Citrus paradisi	Pamplemousse	7469645.0	37656	Plantae Tracheophyta Magnoliopsida Sapindales Rutaceae Citrus								1			1							
Citrus reticulata	Mandarinier	3190172.0	85571	Plantae Tracheophyta Magnoliopsida Sapindales Rutaceae Citrus								1			1							
Citrus sinensis	Oranger	3190158.0	2711	Plantae Tracheophyta Magnoliopsida Sapindales Rutaceae Citrus								1			1							
Clavulina cristata	Clavaire à crêtes	5249893.0	68757	Fungi Basidiomycota Agaricomycetes Cantharellales Hydnaceae Clavulina									1									
Clitocybe nebularis	Clitocybe nébuleux	2531072.0	117024	Fungi Basidiomycota Agaricomycetes Agaricales Tricholomataceae Clitocybe									1									
Clostridioides difficile	Clostridioides difficile (Colite)	10971266.0	1496	Bacteria Firmicutes_A Clostridia Peptostreptococcales Peptostreptococcaceae Clostridioides										1				1				
Clostridium botulinum	Bactérie du botulisme (Botulisme)	3226559.0	1491	Bacteria Firmicutes_A Clostridia Clostridiales Clostridiaceae Clostridium										1				1				
Clostridium tetani	Bacille tétanique (Tétanos)	3226668.0	1513	Bacteria Firmicutes_A Clostridia Clostridiales Clostridiaceae Clostridium										1				1				
Clupea harengus	Gendarme	8351946.0	7950	Animalia Chordata  Clupeiformes Clupeidae Clupea					1										1			
Coccinella septempunctata	Coccinelle	4990191.0	41139	Animalia Arthropoda Insecta Coleoptera Coccinellidae Coccinella							1										1	
Cocos nucifera	Cocotier	2735117.0	13894	Plantae Tracheophyta Liliopsida Arecales Arecaceae Cocos								1			1							
Coffea arabica	Caféier d’Arabie	2895345.0	13443	Plantae Tracheophyta Magnoliopsida Gentianales Rubiaceae Coffea								1										
Columba livia	Pigeon biset	2495414.0	8932	Animalia Chordata Aves Columbiformes Columbidae Columba			1									1						
Condylura cristata	Condylure à nez étoilé	2436248.0	143302	Animalia Chordata Mammalia Soricomorpha Talpidae Condylura	1																	
Conolophus subcristatus	Iguane terrestre des Galápagos	5224631.0	31140	Animalia Chordata Squamata  Iguanidae Conolophus				1														
Conus geographus	Cône géographique	5728277.0	6491	Animalia Mollusca Gastropoda Neogastropoda Conidae Conus							1											
Coprinopsis atramentaria	Coprin noir d'encre	5242740.0	71694	Fungi Basidiomycota Agaricomycetes Agaricales Psathyrellaceae Coprinopsis									1									
Coprinus comatus	Coprin chevelu	7987658.0	56187	Fungi Basidiomycota Agaricomycetes Agaricales Agaricaceae Coprinus									1		1							
Corallus caninus	Boa émeraude	2464991.0	51861	Animalia Chordata Squamata  Boidae Corallus				1														
Coregonus lavaretus	corégone lavaret	2351211.0	59291	Animalia Chordata  Salmoniformes Salmonidae Coregonus					1													
Coriandrum sativum	Coriandre	3034871.0	4047	Plantae Tracheophyta Magnoliopsida Apiales Apiaceae Coriandrum								1			1							
Cornu aspersum	Escargot petit-gris	5858758.0	6535	Animalia Mollusca Gastropoda Stylommatophora Helicidae Cornu							1											
Corucia zebrata	Scinque géant des îles Salomon	2462499.0	96731	Animalia Chordata Squamata  Scincidae Corucia				1														
Corvus corax	Grand Corbeau	2482492.0	56781	Animalia Chordata Aves Passeriformes Corvidae Corvus			1									1	1					
Corvus monedula	Choucas des tours	2482473.0	30423	Animalia Chordata Aves Passeriformes Corvidae Coloeus			1										1					
Corydalus cornutus	Mégaloptère cornu	1729944.0	559164	Animalia Arthropoda Insecta Megaloptera Corydalidae Corydalus							1											
Corylus avellana	Noisetier	2875979.0	13451	Plantae Tracheophyta Magnoliopsida Fagales Betulaceae Corylus								1			1							
Corynebacterium diphtheriae	Bacille de la diphtérie (Diphtérie)	3225001.0	1717	Bacteria Actinobacteriota Actinomycetia Mycobacteriales Mycobacteriaceae Corynebacterium										1				1				
Crassostrea gigas	Huître creuse du Pacifique	2286069.0	29159	Animalia Mollusca Bivalvia Ostreida Ostreidae Magallana							1								1			
Craterellus cornucopioides	Trompette de la mort	2554662.0	94199	Fungi Basidiomycota Agaricomycetes Cantharellales Hydnaceae Craterellus									1		1							
Cricetus cricetus	Grand Hamster	2438704.0	10034	Animalia Chordata Mammalia Rodentia Cricetidae Cricetus	1											1	1					
Crocidura russula	Crocidure Commune	2435654.0	36802	Animalia Chordata Mammalia Soricomorpha Soricidae Crocidura	1												1					
Crocodylus acutus	Crocodile Americain	2441329.0	48399	Animalia Chordata Crocodylia  Crocodylidae Crocodylus				1														
Crocodylus niloticus	Crocodile du Nil	2441341.0	8501	Animalia Chordata Crocodylia  Crocodylidae Crocodylus				1														1
Crocodylus porosus	Crocodile d'estuaire	2441333.0	8502	Animalia Chordata Crocodylia  Crocodylidae Crocodylus				1														1
Crotalus atrox	Crotale diamantin de l’Ouest	2444356.0	8730	Animalia Chordata Squamata  Viperidae Crotalus				1														1
Crotalus durissus	Crotale cascabelle	2444433.0	8731	Animalia Chordata Squamata  Viperidae Crotalus				1														
Cryptococcus neoformans	Cryptocoque (Cryptococcose)	5237368.0	5207	Fungi Basidiomycota Tremellomycetes Tremellales Cryptococcaceae Cryptococcus									1					1				
Cryptonanus chacoensis	Petit opossum du Chaco	5786537.0	320555	Animalia Chordata Mammalia Didelphimorphia Didelphidae Cryptonanus		1																
Ctenosaura similis	Iguane à queue épineuse noir	2459603.0	51212	Animalia Chordata Squamata  Iguanidae Ctenosaura				1														
Cucumis melo	Melon (plante)	2874570.0	3656	Plantae Tracheophyta Magnoliopsida Cucurbitales Cucurbitaceae Cucumis								1			1							
Cucumis sativus	Concombre	2874569.0	3659	Plantae Tracheophyta Magnoliopsida Cucurbitales Cucurbitaceae Cucumis								1			1							
Cucurbita maxima	Giraumon	2874515.0	3661	Plantae Tracheophyta Magnoliopsida Cucurbitales Cucurbitaceae Cucurbita								1			1							
Cucurbita moschata	Courge musquée	7393329.0	3662	Plantae Tracheophyta Magnoliopsida Cucurbitales Cucurbitaceae Cucurbita								1			1							
Cucurbita pepo	Courge pepo / Courgette	2874508.0	3663	Plantae Tracheophyta Magnoliopsida Cucurbitales Cucurbitaceae Cucurbita								1			1							
Culex pipiens	Moustique typique domestique	1652991.0	7175	Animalia Arthropoda Insecta Diptera Culicidae Culex							1											
Curcuma longa	Curcuma	2757624.0	136217	Plantae Tracheophyta Liliopsida Zingiberales Zingiberaceae Curcuma								1			1							
Cutibacterium acnes	Cutibacterium acnes (Acné)	9500595.0	1747	Bacteria Actinobacteriota Actinomycetia Propionibacteriales Propionibacteriaceae Cutibacterium										1				1				
Cyanistes caeruleus	Mésange bleue	2487879.0	156563	Animalia Chordata Aves Passeriformes Paridae Cyanistes			1										1					
Cyanocitta cristata	Geai bleu	2482593.0	28727	Animalia Chordata Aves Passeriformes Corvidae Cyanocitta			1										1					
Cycas revoluta	Cycas du Japon	2683217.0	3396	Plantae Tracheophyta Cycadopsida Cycadales Cycadaceae Cycas								1										
Cyclops strenuus	Cyclope	2116860.0	938088	Animalia Arthropoda Copepoda Cyclopoida Cyclopidae Cyclops							1											
Cyclura cornuta	Cyclure cornu	5960674.0	57098	Animalia Chordata Squamata  Iguanidae Cyclura				1														
Cydonia oblonga	cognassier	5362215.0	36610	Plantae Tracheophyta Magnoliopsida Rosales Rosaceae Cydonia								1			1							
Cygnus cygnus	Cygne chanteur	2498347.0	219595	Animalia Chordata Aves Anseriformes Anatidae Cygnus			1															
Cygnus olor	Cygne tuberculé	2498343.0	8869	Animalia Chordata Aves Anseriformes Anatidae Cygnus			1															
Cypraea tigris	Porcelaine tigre	4360773.0	75124	Animalia Mollusca Gastropoda Littorinimorpha Cypraeidae Cypraea							1											
Cyprinus carpio	carpe commune	4286975.0	7962	Animalia Chordata  Cypriniformes Cyprinidae Cyprinus					1													
Dacelo novaeguineae	Martin-chasseur géant	2475648.0	8939	Animalia Chordata Aves Coraciiformes Alcedinidae Dacelo			1															
Dama dama	Daim	5220136.0	30532	Animalia Chordata Mammalia Artiodactyla Cervidae Dama	1																	
Danaus plexippus	monarque	5133088.0	13037	Animalia Arthropoda Insecta Lepidoptera Nymphalidae Danaus							1											
Danio rerio	Danio zébré	9797255.0	7955	Animalia Chordata  Cypriniformes Cyprinidae Danio					1													
Daphnia magna	Grande daphnie	2234822.0	35525	Animalia Arthropoda Branchiopoda Diplostraca Daphniidae Daphnia							1											
Dasyatis pastinaca	pastenague	2419543.0	673854	Animalia Chordata Elasmobranchii Myliobatiformes Dasyatidae Dasyatis					1										1			1
Dasykaluta rosamondae	Petit Rat Marsupial Roux	2435441.0	33560	Animalia Chordata Mammalia Dasyuromorphia Dasyuridae Dasykaluta		1																
Dasypus novemcinctus	tatou à neuf bandes	2440779.0	9361	Animalia Chordata Mammalia Cingulata Dasypodidae Dasypus	1																	
Dasyuroides byrnei	Rat Marsupial À Double Crête	2435467.0	32544	Animalia Chordata Mammalia Dasyuromorphia Dasyuridae Dasyuroides		1																
Dasyurus maculatus	Chat Marsupial À Queue Tachetée	2435361.0	9281	Animalia Chordata Mammalia Dasyuromorphia Dasyuridae Dasyurus		1																
Dasyurus viverrinus	Chat marsupial moucheté	2435357.0	9279	Animalia Chordata Mammalia Dasyuromorphia Dasyuridae Dasyurus		1																
Daubentonia madagascariensis	Aye-aye	5219587.0	31869	Animalia Chordata Mammalia Primates Daubentoniidae Daubentonia	1															1		
Daucus carota	Carotte sauvage	3034742.0	4039	Plantae Tracheophyta Magnoliopsida Apiales Apiaceae Daucus								1			1							
Debaryomyces hansenii	Debaryomyces hansenii	2599491.0	4959	Fungi Ascomycota Saccharomycetes Saccharomycetales Saccharomycetaceae Debaryomyces									1									
Delichon urbicum	Hirondelle de fenêtre	2489214.0	88116	Animalia Chordata Aves Passeriformes Hirundinidae Delichon			1															
Delphinus delphis	Dauphin commun	8324617.0	9728	Animalia Chordata Mammalia Cetacea Delphinidae Delphinus	1														1		1	
Demodex folliculorum	Démodex folliculaire	2131821.0	481310	Animalia Arthropoda Arachnida Trombidiformes Demodecidae Demodex							1											1
Dendroaspis polylepis	Mamba noir	8054654.0	8624	Animalia Chordata Squamata  Elapidae Dendroaspis				1														1
Dendroaspis viridis	Mamba vert de l’Ouest	2469890.0	8621	Animalia Chordata Squamata  Elapidae Dendroaspis				1														
Dendrobates tinctorius	Dendrobate À Tapirer	9724339.0	92724	Animalia Chordata Amphibia Anura Dendrobatidae Dendrobates				1														
Dendrocopos major	Pic épeiche	2477968.0	183177	Animalia Chordata Aves Piciformes Picidae Dendrocopos			1										1					
Dendrolagus goodfellowi	Dendrolague de Goodfellow	2440222.0	69260	Animalia Chordata Mammalia Diprotodontia Macropodidae Dendrolagus		1															1	
Dendrolagus matschiei	Dendrolague de Matschie	2440206.0	165202	Animalia Chordata Mammalia Diprotodontia Macropodidae Dendrolagus		1																
Dentalium vulgare	Dentale	2284974.0	52918	Animalia Mollusca Scaphopoda Dentaliida Dentaliidae Antalis							1								1			
Dentex dentex	denté commun	2392679.0	94951	Animalia Chordata  Perciformes Sparidae Dentex					1													
Dermacentor variabilis	Tique américaine du chien	2183465.0	34621	Animalia Arthropoda Arachnida Ixodida Ixodidae Dermacentor							1											
Dermochelys coriacea	Tortue luth	9789983.0	27794	Animalia Chordata Testudines  Dermochelyidae Dermochelys				1											1			
Desmodus rotundus	Vampire commun	2433298.0	9430	Animalia Chordata Mammalia Chiroptera Phyllostomidae Desmodus	1																	
Dicentrarchus labrax	Bar	2394622.0	13489	Animalia Chordata  Perciformes Moronidae Dicentrarchus					1										1			
Diceros bicornis	Rhinocéros noir	5220111.0	9805	Animalia Chordata Mammalia Perissodactyla Rhinocerotidae Diceros	1																	
Didelphis albiventris	Sarigue à oreilles blanches	2439930.0	42716	Animalia Chordata Mammalia Didelphimorphia Didelphidae Didelphis		1																
Didelphis marsupialis	Sarigue Australe	2439920.0	9268	Animalia Chordata Mammalia Didelphimorphia Didelphidae Didelphis		1																
Didelphis virginiana	Opossum d'Amérique du Nord	2439923.0	9267	Animalia Chordata Mammalia Didelphimorphia Didelphidae Didelphis		1																
Digitalis purpurea	Digitale pourpre	5414995.0	4164	Plantae Tracheophyta Magnoliopsida Lamiales Plantaginaceae Digitalis								1										
Diodon holocanthus	Poisson-hérisson tacheté	5213361.0	229062	Animalia Chordata  Tetraodontiformes Diodontidae Diodon					1										1		1	
Diomedea exulans	Albatros hurleur	5229302.0	46550	Animalia Chordata Aves Procellariiformes Diomedeidae Diomedea			1															
Doris pseudoargus	Doris de Krohn	5724726.0	1677693	Animalia Mollusca Gastropoda Nudibranchia Dorididae Doris							1								1			
Draco volans	Dragon volant	5226131.0	89032	Animalia Chordata Squamata  Agamidae Draco				1														
Dromaius novaehollandiae	Émeu d'Australie	2495134.0	8790	Animalia Chordata Aves Casuariiformes Dromaiidae Dromaius			1									1						
Drosophila melanogaster	mouche du vinaigre	5073713.0	7227	Animalia Arthropoda Insecta Diptera Drosophilidae Drosophila							1											
Dryocopus martius	Pic noir	2477872.0	187859	Animalia Chordata Aves Piciformes Picidae Dryocopus			1										1					
Dugong dugon	Dugong	9729967.0	29137	Animalia Chordata Mammalia Sirenia Dugongidae Dugong	1																	
Dynastes hercules	Dynaste Hercule	1074504.0	1247135	Animalia Arthropoda Insecta Coleoptera Scarabaeidae Dynastes							1											
Echymipera kalubu	Péramèle Épineux	2435317.0	42733	Animalia Chordata Mammalia Peramelemorphia Peramelidae Echymipera		1																
Egretta garzetta	Aigrette garzette	2480876.0	188379	Animalia Chordata Aves Pelecaniformes Ardeidae Egretta			1												1			
Eisenia fetida	Ver du fumier	5815560.0	6396	Animalia Annelida Clitellata Crassiclitellata Lumbricidae Eisenia							1											
Elaeis guineensis	Palmier à huile	2731882.0	51953	Plantae Tracheophyta Liliopsida Arecales Arecaceae Elaeis								1										
Electrophorus electricus	Anguille électrique	2401958.0	8005	Animalia Chordata  Gymnotiformes Gymnotidae Electrophorus					1													
Elephas maximus	Eléphant d'Asie	5219461.0	9783	Animalia Chordata Mammalia Proboscidea Elephantidae Elephas	1																	
Elysia chlorotica	Élysie émeraude	5192082.0	188477	Animalia Mollusca Gastropoda  Plakobranchidae Elysia							1											
Emys orbicularis	Cistude	8909809.0	82168	Animalia Chordata Testudines  Emydidae Emys				1														
Engraulis encrasicolus	Amplovo	2414031.0	184585	Animalia Chordata  Clupeiformes Engraulidae Engraulis					1										1			
Ensis ensis	Couteaux	2287248.0	120427	Animalia Mollusca Bivalvia Adapedonta Pharidae Ensis							1								1			
Enterobius vermicularis	Oxyure	2284340.0	51028	Animalia Nematoda Chromadorea Rhabditida Oxyuridae Enterobius							1											
Enterococcus faecalis	Entérocoque fécal (Infection urinaire)	3227408.0	1351	Bacteria Firmicutes Bacilli Lactobacillales Enterococcaceae Enterococcus										1				1				
Enterococcus faecium	Entérocoque faecium (Infection nosocomiale)	3227413.0	1352	Bacteria Firmicutes Bacilli Lactobacillales Enterococcaceae Enterococcus										1				1				
Enteroctopus dofleini	Pieuvre géante du Pacifique	2289485.0	267067	Animalia Mollusca Cephalopoda Octopoda Enteroctopodidae Enteroctopus							1								1			
Ephemera danica	Éphémère commune	5716472.0	1049336	Animalia Arthropoda Insecta Ephemeroptera Ephemeridae Ephemera							1											
Epicrates cenchria	Boa arc-en-ciel	2465228.0	51743	Animalia Chordata Squamata  Boidae Epicrates				1														
Epinephelus itajara	Mérou	2388456.0	160721	Animalia Chordata  Perciformes Serranidae Epinephelus					1													
Epinephelus marginatus	Merou Brun	2388507.0	179535	Animalia Chordata  Perciformes Serranidae Epinephelus					1													
Equisetum arvense	Prêle des champs	7924597.0	3258	Plantae Tracheophyta Polypodiopsida Equisetales Equisetaceae Equisetum								1										
Equus asinus	Âne	2440891.0	9793	Animalia Chordata Mammalia Perissodactyla Equidae Equus	1											1						
Equus caballus	Cheval domestique	2440886.0	9796	Animalia Chordata Mammalia Perissodactyla Equidae Equus	1											1						
Equus przewalskii	Cheval de Przewalski	5787169.0	9798	Animalia Chordata Mammalia Perissodactyla Equidae Equus	1																	
Equus quagga	Zèbre des plaines	2440892.0	89248	Animalia Chordata Mammalia Perissodactyla Equidae Equus	1																	
Equus zebra	zèbre de Hartmann	2440888.0	9791	Animalia Chordata Mammalia Perissodactyla Equidae Equus	1																	
Eratigena atrica	Tégénaire noire	7783291.0	1698855	Animalia Arthropoda Arachnida Araneae Agelenidae Eratigena							1											
Erethizon dorsatum	Porc-épic d'Amérique	6066824.0	34844	Animalia Chordata Mammalia Rodentia Erethizontidae Erethizon	1																	
Eretmochelys imbricata	Caret	8841716.0	27787	Animalia Chordata Testudines  Cheloniidae Eretmochelys				1														1
Erinaceus europaeus	Hérisson d'Europe occidentale	5219616.0	9365	Animalia Chordata Mammalia Erinaceomorpha Erinaceidae Erinaceus	1												1				1	
Erithacus rubecula	Rougegorge familier	2492462.0	37610	Animalia Chordata Aves Passeriformes Muscicapidae Erithacus			1										1					
Escherichia coli	Colibacille (Gastro-entérites)	11286021.0	562	Bacteria Proteobacteria Gammaproteobacteria Enterobacterales Enterobacteriaceae Escherichia										1				1				
Esox lucius	brochet	2346633.0	8010	Animalia Chordata  Esociformes Esocidae Esox					1													
Esox masquinongy	Maskinongé (poisson)	2346634.0	126735	Animalia Chordata  Esociformes Esocidae Esox					1													
Eubalaena glacialis	Baleine De Biscaye	2440339.0	27606	Animalia Chordata Mammalia Cetacea Balaenidae Eubalaena	1														1			
Eublepharis macularius	Gecko léopard	5221283.0	481883	Animalia Chordata Squamata  Eublepharidae Eublepharis				1														
Eucalyptus globulus	Gommier bleu	3176787.0	34317	Plantae Tracheophyta Magnoliopsida Myrtales Myrtaceae Eucalyptus								1										
Eulemur fulvus	Lémur Brun	9092265.0	13515	Animalia Chordata Mammalia Primates Lemuridae Eulemur	1															1	1	
Eumeces schneideri	Eumeces de Schneider	9091473.0	273655	Animalia Chordata Squamata  Scincidae Eumeces				1														
Eumetopias jubatus	Lion de mer de Steller	2433462.0	34886	Animalia Chordata Mammalia Carnivora Otariidae Eumetopias	1														1			
Eunectes murinus	Anaconda vert	5225712.0	51876	Animalia Chordata Squamata  Boidae Eunectes				1														1
Eunectes notaeus	Anaconda jaune	5225710.0	51877	Animalia Chordata Squamata  Boidae Eunectes				1														
Euscorpius flavicaudis	Tetratrichobothrius flavicaudis	4553820.0	100976	Animalia Arthropoda Arachnida Scorpiones Euscorpiidae Euscorpius							1											
Faecalibacterium prausnitzii	Faecalibacterium prausnitzii	10993629.0	853	Bacteria Firmicutes_A Clostridia Oscillospirales Ruminococcaceae Faecalibacterium										1								
Fagus sylvatica	Hêtre commun	2882316.0	28930	Plantae Tracheophyta Magnoliopsida Fagales Fagaceae Fagus								1										
Falco peregrinus	Faucon pèlerin	2481047.0	8954	Animalia Chordata Aves Falconiformes Falconidae Falco			1															
Falco tinnunculus	Faucon crécerelle	9616058.0	100819	Animalia Chordata Aves Falconiformes Falconidae Falco			1															
Felis catus	Chat domestique	2435035.0	9685	Animalia Chordata Mammalia Carnivora Felidae Felis	1											1					1	
Ficus carica	Figuier commun	5361909.0	3494	Plantae Tracheophyta Magnoliopsida Rosales Moraceae Ficus								1			1							
Flammulina velutipes	Collybie à pied velouté / Enoki	3341441.0	38945	Fungi Basidiomycota Agaricomycetes Agaricales Physalacriaceae Flammulina									1		1							
Foeniculum vulgare	Fenouil commun	3034922.0	2849586	Plantae Tracheophyta Magnoliopsida Apiales Apiaceae Foeniculum								1			1							
Fomes fomentarius	Amadouvier	8068867.0	40442	Fungi Basidiomycota Agaricomycetes Polyporales Polyporaceae Fomes									1									
Formica rufa	Fourmi rousse des bois	1315132.0	258706	Animalia Arthropoda Insecta Hymenoptera Formicidae Formica							1											
Fragaria ananassa	Fraise ananas	3029912.0	3747	Plantae Tracheophyta Magnoliopsida Rosales Rosaceae Fragaria								1			1							
Fraxinus excelsior	Frêne élevé	3172358.0	38873	Plantae Tracheophyta Magnoliopsida Lamiales Oleaceae Fraxinus								1										
Fregata magnificens	Frégate superbe	2480189.0	37042	Animalia Chordata Aves Suliformes Fregatidae Fregata			1												1			
Fringilla coelebs	Pinson des arbres	2494422.0	37598	Animalia Chordata Aves Passeriformes Fringillidae Fringilla			1										1					
Fugu rubripes	Takifugu rubripes	2407607.0	31033	Animalia Chordata  Tetraodontiformes Tetraodontidae Takifugu					1													1
Furcifer oustaleti	Caméléon d’Oustalet	5221973.0	179927	Animalia Chordata Squamata  Chamaeleonidae Furcifer				1														
Furcifer pardalis	Caméléon panthère	5221988.0	187939	Animalia Chordata Squamata  Chamaeleonidae Furcifer				1														
Fusarium oxysporum	Fusarium oxyspore (Fusariose)	5251961.0	5507	Fungi Ascomycota Sordariomycetes Hypocreales Nectriaceae Fusarium									1					1				
Fusobacterium nucleatum	Fusobactérie fusiforme (Parodontite)	11218545.0	851	Bacteria Fusobacteriota Fusobacteriia Fusobacteriales Fusobacteriaceae Fusobacterium										1				1				
Gadus macrocephalus	Morue du Pacifique	2415853.0	80720	Animalia Chordata  Gadiformes Gadidae Gadus					1													
Gadus morhua	Cabillaud	8084280.0	8049	Animalia Chordata  Gadiformes Gadidae Gadus					1										1			
Galeocerdo cuvier	Requin-tigre	2418234.0	7819	Animalia Chordata Elasmobranchii Carcharhiniformes Carcharhinidae Galeocerdo					1													1
Gallus gallus	Coq bankiva	9326020.0	9031	Animalia Chordata Aves Galliformes Phasianidae Gallus			1									1						
Gambusia affinis	Gambusie	2350580.0	33528	Animalia Chordata  Cyprinodontiformes Poeciliidae Gambusia					1													
Gammarus pulex	Gammares	2219853.0	52641	Animalia Arthropoda Malacostraca Amphipoda Gammaridae Gammarus							1								1			
Ganoderma lucidum	Ganoderme luisant	2549730.0	5315	Fungi Basidiomycota Agaricomycetes Polyporales Polyporaceae Ganoderma									1									
Garrulus glandarius	Geai des chênes	5229493.0	56783	Animalia Chordata Aves Passeriformes Corvidae Garrulus			1															
Gavialis gangeticus	Gavial du Gange	2441360.0	94835	Animalia Chordata Crocodylia  Gavialidae Gavialis				1														
Gazella dorcas	Gazelle Dorcas	5220149.0	37751	Animalia Chordata Mammalia Artiodactyla Bovidae Gazella	1																	
Geastrum triplex	Géastre à trois enveloppes	2554367.0	90948	Fungi Basidiomycota Agaricomycetes Geastrales Geastraceae Geastrum									1									
Gekko gecko	Gecko tokay	2447367.0	36310	Animalia Chordata Squamata  Gekkonidae Gekko				1														
Ginkgo biloba	Ginkgo	2687885.0	3311	Plantae Tracheophyta Ginkgoopsida Ginkgoales Ginkgoaceae Ginkgo								1										
Giraffa camelopardalis	Girafe	2441205.0	9894	Animalia Chordata Mammalia Artiodactyla Giraffidae Giraffa	1																	
glossina morsitans	Glossine morsitans / Mouche tsé-tsé	5056025.0	7394	Animalia Arthropoda Insecta Diptera Glossinidae Glossina							1											
Glycine max	Soja	5359660.0	3847	Plantae Tracheophyta Magnoliopsida Fabales Fabaceae Glycine								1			1							
Gorilla beringei	Gorille de l'Est	7262070.0	499232	Animalia Chordata Mammalia Primates Hominidae Gorilla	1															1		
Gorilla gorilla	Gorille de l'Ouest	2436441.0	9593	Animalia Chordata Mammalia Primates Hominidae Gorilla	1															1	1	
Goura victoria	Goura de Victoria	2495204.0	187124	Animalia Chordata Aves Columbiformes Columbidae Goura			1															
Gracilinanus agilis	Petit opossum-souris agile	2439852.0	191870	Animalia Chordata Mammalia Didelphimorphia Didelphidae Gracilinanus		1																
Gracula religiosa	Mainate religieux	2488999.0	116992	Animalia Chordata Aves Passeriformes Sturnidae Gracula			1															
Grifola frondosa	"polypore en touffe; poule des bois"	2540800.0	5627	Fungi Basidiomycota Agaricomycetes Polyporales Grifolaceae Grifola									1		1							
Gryllus campestris	grillon des champs	1716462.0	58607	Animalia Arthropoda Insecta Orthoptera Gryllidae Gryllus							1											
Gulo gulo	Glouton	5219073.0	48420	Animalia Chordata Mammalia Carnivora Mustelidae Gulo	1												1					
Gymnotus carapo	Gymnote rayé	5212798.0	94172	Animalia Chordata  Gymnotiformes Gymnotidae Gymnotus					1													
Gyromitra esculenta	Gyromitre faux-morille	5258510.0	33161	Fungi Ascomycota Pezizomycetes Pezizales Discinaceae Gyromitra									1									
Hadrurus arizonensis	Scorpion velu d’Arizona	6892807.0	88316	Animalia Arthropoda Arachnida Scorpiones Hadruridae Hadrurus							1											1
Haemophilus influenzae	Haemophilus influenzae (Méningite)	11245832.0	727	Bacteria Proteobacteria Gammaproteobacteria Enterobacterales Pasteurellaceae Haemophilus										1				1				
Haliaeetus albicilla	Pygargue à queue blanche	2480449.0	8969	Animalia Chordata Aves Accipitriformes Accipitridae Haliaeetus			1															
Halichoerus grypus	Phoque gris	2434806.0	9711	Animalia Chordata Mammalia Carnivora Phocidae Halichoerus	1														1			
Haliotis tuberculata	Ormeau	2293076.0	36103	Animalia Mollusca Gastropoda Lepetellida Haliotidae Haliotis							1								1			
Harmonia axyridis	Coccinelle asiatique	4989904.0	115357	Animalia Arthropoda Insecta Coleoptera Coccinellidae Harmonia							1											
Harpia harpyja	Harpie féroce	2480516.0	202280	Animalia Chordata Aves Accipitriformes Accipitridae Harpia			1															
Helianthus annuus	Tournesol	9206251.0	4232	Plantae Tracheophyta Magnoliopsida Asterales Asteraceae Helianthus								1			1							
Helicobacter pylori	Helicobacter pylori (Ulcère gastroduodénal)	11637103.0	210	Bacteria Campylobacterota Campylobacteria Campylobacterales Helicobacteraceae Helicobacter										1				1				
Helix pomatia	escargot de bourgogne	2294287.0	6536	Animalia Mollusca Gastropoda Stylommatophora Helicidae Helix							1											
Heloderma horridum	Héloderme granuleux	2460820.0	8551	Animalia Chordata Squamata  Helodermatidae Heloderma				1														
Heloderma suspectum	Lézard perlé	2460817.0	8554	Animalia Chordata Squamata  Helodermatidae Heloderma				1														1
Hemidactylus frenatus	Hémidactyle à bandes	9537238.0	47729	Animalia Chordata Squamata  Gekkonidae Hemidactylus				1														
Hericium erinaceus	Hydne hérisson / Crinière de lion	5248508.0	91752	Fungi Basidiomycota Agaricomycetes Russulales Hericiaceae Hericium									1		1							
Herpailurus yagouaroundi	Jaguarondi	5787224.0	1608482	Animalia Chordata Mammalia Carnivora Felidae Puma	1																	
Heterocephalus glaber	Rat-taupe nu	5219654.0	10181	Animalia Chordata Mammalia Rodentia Bathyergidae Heterocephalus	1																	
Hevea brasiliensis	Hévéa	3071171.0	3981	Plantae Tracheophyta Magnoliopsida Malpighiales Euphorbiaceae Hevea								1										
Hippocampus hippocampus	Cheval de Mer	5201134.0	109283	Animalia Chordata  Syngnathiformes Syngnathidae Hippocampus					1										1		1	
Hippocampus kuda	Hippocampe à museau court	5201037.0	103715	Animalia Chordata  Syngnathiformes Syngnathidae Hippocampus					1												1	
Hippoglossus hippoglossus	Flétan de l'Atlantique	2409218.0	8267	Animalia Chordata  Pleuronectiformes Pleuronectidae Hippoglossus					1													
Hippopotamus amphibius	Hippopotame	2441247.0	9833	Animalia Chordata Mammalia Artiodactyla Hippopotamidae Hippopotamus	1																	
Hirudo medicinalis	Sangsue comepollas	2308887.0	6421	Animalia Annelida Clitellata Arhynchobdellida Hirudinidae Hirudo							1											1
Hirundo rustica	Hirondelle rustique	9515886.0	43150	Animalia Chordata Aves Passeriformes Hirundinidae Hirundo			1															
Homarus americanus	Homard américain	5972004.0	6706	Animalia Arthropoda Malacostraca Decapoda Nephropidae Homarus							1											
Homarus gammarus	Homard Européen	5972003.0	6707	Animalia Arthropoda Malacostraca Decapoda Nephropidae Homarus							1								1			
Homo sapiens	Humain	2436436.0	9606	Animalia Chordata Mammalia Primates Hominidae Homo	1															1		
Hordeum vulgare	Orge commune	2706056.0	4513	Plantae Tracheophyta Liliopsida Poales Poaceae Hordeum								1			1							
Hyaena hyaena	Hyène rayée	5218777.0	95912	Animalia Chordata Mammalia Carnivora Hyaenidae Hyaena	1																	
Hydnum repandum	Pied-de-mouton	2554716.0	68759	Fungi Basidiomycota Agaricomycetes Cantharellales Hydnaceae Hydnum									1		1							
Hydrochoerus hydrochaeris	Capibara	5786666.0	10149	Animalia Chordata Mammalia Rodentia Caviidae Hydrochoerus	1																1	
Hylobates lar	Gibbon À Mains Blanches	5219553.0	9580	Animalia Chordata Mammalia Primates Hylobatidae Hylobates	1															1		
Hystrix cristata	Porc-épic à Crete	5219888.0	10137	Animalia Chordata Mammalia Rodentia Hystricidae Hystrix	1																	
Iberolacerta cyreni	Lézard des murailles de la Sierra de Guadarrama	2468503.0	178820	Animalia Chordata Squamata  Lacertidae Iberolacerta				1														
Ictalurus punctatus	Barbue de rivière	5202520.0	7998	Animalia Chordata  Siluriformes Ictaluridae Ictalurus					1													
Icterus galbula	Oriole de Baltimore	2484340.0	105513	Animalia Chordata Aves Passeriformes Icteridae Icterus			1															
Iguana iguana	Iguane vert	2459658.0	8517	Animalia Chordata Squamata  Iguanidae Iguana				1														
Indri indri	Indri À Queue Courte	2436432.0	34827	Animalia Chordata Mammalia Primates Indriidae Indri	1															1		
Iris germanica	Iris d'Allemagne	5298069.0	34205	Plantae Tracheophyta Liliopsida Asparagales Iridaceae Iris								1										
Isoodon macrourus	Péramèle À Grosse Queue	2435304.0	37698	Animalia Chordata Mammalia Peramelemorphia Peramelidae Isoodon		1																
Ixodes ricinus	Tique du mouton / Tique commune	2182588.0	34613	Animalia Arthropoda Arachnida Ixodida Ixodidae Ixodes							1											
Juglans regia	noyer commun  noyer royal	3054368.0	51240	Plantae Tracheophyta Magnoliopsida Fagales Juglandaceae Juglans								1			1							
Juniperus communis	Genévrier commun	2684709.0	58039	Plantae Tracheophyta Pinopsida Pinales Cupressaceae Juniperus								1										
Katsuwonus pelamis	Bonite	2374191.0	8226	Animalia Chordata  Perciformes Scombridae Katsuwonus					1													
Klebsiella pneumoniae	Klebsiella pneumoniae (Pneumonie)	3221874.0	573	Bacteria Proteobacteria Gammaproteobacteria Enterobacterales Enterobacteriaceae Klebsiella										1				1				
Kluyveromyces lactis	Levure du lait	8681602.0	28985	Fungi Ascomycota Saccharomycetes Saccharomycetales Saccharomycetaceae Kluyveromyces									1									
Kobus ellipsiprymnus	Cobe onctueux	5220160.0	9962	Animalia Chordata Mammalia Artiodactyla Bovidae Kobus	1																	
Kryptolebias marmoratus	Killi des mangroves	2349291.0	37003	Animalia Chordata  Cyprinodontiformes Rivulidae Kryptolebias					1													
Kuehneromyces mutabilis	Pholiote changeante	2533962.0	71948	Fungi Basidiomycota Agaricomycetes Agaricales Strophariaceae Kuehneromyces									1		1							
Labeo rohita	Labeo rohu	5206083.0	84645	Animalia Chordata  Cypriniformes Cyprinidae Labeo					1													
Lacerta agilis	Lézard des souches	6159223.0	80427	Animalia Chordata Squamata  Lacertidae Lacerta				1														
Lactarius deliciosus	Lactaire délicieux	5248629.0	55514	Fungi Basidiomycota Agaricomycetes Russulales Russulaceae Lactarius									1		1							
Lactarius indigo	Lactaire indigo	7240044.0	222702	Fungi Basidiomycota Agaricomycetes Russulales Russulaceae Lactarius									1		1							
Lacticaseibacillus rhamnosus	Lactobacille rhamnosus	10701270.0	47715	Bacteria Firmicutes Bacilli Lactobacillales Lactobacillaceae Lacticaseibacillus										1								
Lactobacillus acidophilus	Lactobacille acidophile	7485397.0	1579	Bacteria Firmicutes Bacilli Lactobacillales Lactobacillaceae Lactobacillus										1								
Lactuca sativa	Laitue cultivée	7403263.0	4236	Plantae Tracheophyta Magnoliopsida Asterales Asteraceae Lactuca								1			1							
Lagopus lagopus	Lagopède des saules	2473421.0	52650	Animalia Chordata Aves Galliformes Phasianidae Lagopus			1															
Laminaria digitata	Laminaire digitée	5422479.0	80365	Chromista Ochrophyta Phaeophyceae Laminariales Laminariaceae Laminaria								1							1			
Lampropeltis triangulum	Couleuvre faux-corail	5224503.0	140017	Animalia Chordata Squamata  Colubridae Lampropeltis				1														
Larus argentatus	Goéland argenté	2481139.0	35669	Animalia Chordata Aves Charadriiformes Laridae Larus			1												1			
Lasiorhinus krefftii	Wombat À Narines Poilues Du Queensland	5219997.0	30667	Animalia Chordata Mammalia Diprotodontia Vombatidae Lasiorhinus		1																
Lasiorhinus latifrons	Wombat à narines poilues du Sud	5219996.0	30668	Animalia Chordata Mammalia Diprotodontia Vombatidae Lasiorhinus		1																
Lasius niger	Fourmi noire des jardins	5035785.0	67767	Animalia Arthropoda Insecta Hymenoptera Formicidae Lasius							1											
Latimeria chalumnae	Coelacanthe	2441273.0	7897	Animalia Chordata Coelacanthi Coelacanthiformes Latimeriidae Latimeria					1													
Latrodectus hasselti	Veuve noire à dos rouge	2157928.0	256736	Animalia Arthropoda Arachnida Araneae Theridiidae Latrodectus							1											
Latrodectus mactans	Veuve noire	2157949.0	6924	Animalia Arthropoda Arachnida Araneae Theridiidae Latrodectus							1											1
Lavandula angustifolia	Lavande vraie	2927305.0	39329	Plantae Tracheophyta Magnoliopsida Lamiales Lamiaceae Lavandula								1										
Leccinum scabrum	Bolet rude	9141390.0	121051	Fungi Basidiomycota Agaricomycetes Boletales Boletaceae Leccinum									1		1							
Legionella pneumophila	Legionella pneumophila (Légionellose)	3223087.0	446	Bacteria Proteobacteria Gammaproteobacteria Legionellales Legionellaceae Legionella										1				1				
Leiocephalus carinatus	Léiocephale caréné	5224691.0	81825	Animalia Chordata Squamata  Leiocephalidae Leiocephalus				1														
Leiurus quinquestriatus	Scorpion jaune de Palestine	6893601.0	6883	Animalia Arthropoda Arachnida Scorpiones Buthidae Leiurus							1											1
Lemur catta	Lémur Catta	2436412.0	9447	Animalia Chordata Mammalia Primates Lemuridae Lemur	1															1	1	
Lens culinaris	Lentille	5350010.0	3864	Plantae Tracheophyta Magnoliopsida Fabales Fabaceae Vicia								1			1							
Lentinula edodes	Shiitaké	2537743.0	5353	Fungi Basidiomycota Agaricomycetes Agaricales Omphalotaceae Lentinula									1		1							
Lepas anatifera	Anatife	5166339.0	37710	Animalia Arthropoda Maxillopoda Pedunculata Lepadidae Lepas							1								1			
Lepisosteus osseus	Lépisosté osseux	2346701.0	34771	Animalia Chordata  Lepisosteiformes Lepisosteidae Lepisosteus					1													
Lepus europaeus	Lièvre D'Europe	7952072.0	9983	Animalia Chordata Mammalia Lagomorpha Leporidae Lepus	1												1					
Libellula quadrimaculata	La Quadrimaculée	1427915.0	70395	Animalia Arthropoda Insecta Odonata Libellulidae Libellula							1											
Ligia oceanica	ligie des rivages	5175631.0	96856	Animalia Arthropoda Malacostraca Isopoda Ligiidae Ligia							1								1			
Lilium candidum	Lis blanc	2753090.0	83802	Plantae Tracheophyta Liliopsida Liliales Liliaceae Lilium								1										
Limax maximus	Limace léopard	2295438.0	146086	Animalia Mollusca Gastropoda Stylommatophora Limacidae Limax							1											
Linum usitatissimum	Lin cultivé	2873861.0	4006	Plantae Tracheophyta Magnoliopsida Malpighiales Linaceae Linum								1			1							
Listeria monocytogenes	Listeria monocytogenes (Listériose)	10979426.0	1639	Bacteria Firmicutes Bacilli Lactobacillales Listeriaceae Listeria										1				1				
Lithobates catesbeianus	Grenouille-taureau	2427091.0	8400	Animalia Chordata Amphibia Anura Ranidae Lithobates				1														
Litopenaeus vannamei	Crevette à pattes blanches	2223871.0	6689	Animalia Arthropoda Malacostraca Decapoda Penaeidae Penaeus							1											
Litoria caerulea	Rainette de White	2427694.0	30344	Animalia Chordata Amphibia Anura Pelodryadidae Ranoidea				1														
Littorina littorea	Bigorneau	2301117.0	31216	Animalia Mollusca Gastropoda Littorinimorpha Littorinidae Littorina							1								1			
Locusta migratoria	Criquet migrateur	1713418.0	7004	Animalia Arthropoda Insecta Orthoptera Acrididae Locusta							1											
Loligo vulgaris	Calmar commun	2290374.0	6622	Animalia Mollusca Cephalopoda Myopsida Loliginidae Loligo							1								1			
Lonchura striata	Capucin domino	2493618.0	40157	Animalia Chordata Aves Passeriformes Estrildidae Lonchura			1															
Loxodonta africana	Éléphant Africain	2435350.0	9785	Animalia Chordata Mammalia Proboscidea Elephantidae Loxodonta	1																	
Loxodonta cyclotis	Éléphant de forêt d'Afrique	2435349.0	99490	Animalia Chordata Mammalia Proboscidea Elephantidae Loxodonta	1																	
Loxosceles reclusa	Araignée recluse brune	5170704.0	6921	Animalia Arthropoda Arachnida Araneae Sicariidae Loxosceles							1											1
Lucanus cervus	lucane cerf-volant	5743122.0	41109	Animalia Arthropoda Insecta Coleoptera Lucanidae Lucanus							1											
Lucilia sericata	Lucilie bouchère	5063973.0	13632	Animalia Arthropoda Insecta Diptera Calliphoridae Lucilia							1											
Lumbricus terrestris	Lombric terrestre	4410657.0	6398	Animalia Annelida Clitellata Crassiclitellata Lumbricidae Lumbricus							1											
Lupinus albus	Lupin blanc	2964167.0	3870	Plantae Tracheophyta Magnoliopsida Fabales Fabaceae Lupinus								1			1							
Luscinia megarhynchos	Rossignol philomèle	7660710.0	383689	Animalia Chordata Aves Passeriformes Muscicapidae Luscinia			1															
Lutjanus campechanus	Pagre Fine	2384865.0	40505	Animalia Chordata  Perciformes Lutjanidae Lutjanus					1													
Lutra lutra	Loutre commune	2433753.0	9657	Animalia Chordata Mammalia Carnivora Mustelidae Lutra	1																1	
Lutreolina crassicaudata	Opossum À Grosse Queue	2439988.0	38620	Animalia Chordata Mammalia Didelphimorphia Didelphidae Lutreolina		1																
Lynx lynx	Lynx	2435240.0	13125	Animalia Chordata Mammalia Carnivora Felidae Lynx	1												1					
Macaca fascicularis	Macaque crabier	2436603.0	9541	Animalia Chordata Mammalia Primates Cercopithecidae Macaca	1															1		
Macaca mulatta	Macaque rhésus	2436604.0	9544	Animalia Chordata Mammalia Primates Cercopithecidae Macaca	1															1		
Macadamia integrifolia	Noyer du Queensland	2891785.0	60698	Plantae Tracheophyta Magnoliopsida Proteales Proteaceae Macadamia								1			1							
Macrochelys temminckii	Tortue alligator	5220318.0	571338	Animalia Chordata Testudines  Chelydridae Macrochelys				1														
Macrocystis pyrifera	Macrocyste / Kelp géant	5422328.0	35122	Chromista Ochrophyta Phaeophyceae Laminariales Laminariaceae Macrocystis								1							1			
Macrolepiota procera	Coulemelle	8914748.0	56183	Fungi Basidiomycota Agaricomycetes Agaricales Agaricaceae Macrolepiota									1		1							
Macropus giganteus	Kangourou géant	5219981.0	9317	Animalia Chordata Mammalia Diprotodontia Macropodidae Macropus		1															1	
Macropus rufus	Kangourou roux	5219963.0	9321	Animalia Chordata Mammalia Diprotodontia Macropodidae Macropus		1																
Macrotis lagotis	Grand Bandicoot-lapin	5219460.0	92651	Animalia Chordata Mammalia Peramelemorphia Thylacomyidae Macrotis		1																
Magicicada septendecim	Cigale périodique de dix-sept ans	5792026.0	44679	Animalia Arthropoda Insecta Hemiptera Cicadidae Magicicada							1											
Malus domestica	Pommier domestique	3001244.0	3750	Plantae Tracheophyta Magnoliopsida Rosales Rosaceae Malus								1			1							
Mandrillus sphinx	Mandrill	5219556.0	9561	Animalia Chordata Mammalia Primates Cercopithecidae Mandrillus	1															1		
Manduca sexta	Sphinx du tabac	1863978.0	7130	Animalia Arthropoda Insecta Lepidoptera Sphingidae Manduca							1											
Mangifera indica	Mangue	3190638.0	29780	Plantae Tracheophyta Magnoliopsida Sapindales Anacardiaceae Mangifera								1			1							
Manis javanica	Pangolin Javanais	5219628.0	9974	Animalia Chordata Mammalia Pholidota Manidae Manis	1																	
Manis pentadactyla	Pangolin à queue courte	5219638.0	143292	Animalia Chordata Mammalia Pholidota Manidae Manis	1																	
Manta birostris	Raie manta océanique	2419163.0	1983395	Animalia Chordata Elasmobranchii Myliobatiformes Myliobatidae Mobula					1													1
Mantis religiosa	Mante religieuse	6258028.0	7507	Animalia Arthropoda Insecta Mantodea Mantidae Mantis							1											
Marasmius oreades	Marasme des Oréades	2537250.0	181124	Fungi Basidiomycota Agaricomycetes Agaricales Marasmiaceae Marasmius									1		1							
Marmosa murina	Opossum-souris commun	2439873.0	126295	Animalia Chordata Mammalia Didelphimorphia Didelphidae Marmosa		1																
Marmosops incanus	Opossum-souris gris	2439953.0	225404	Animalia Chordata Mammalia Didelphimorphia Didelphidae Marmosops		1																
Marmota marmota	Marmotte Des Alpes	2437377.0	9993	Animalia Chordata Mammalia Rodentia Sciuridae Marmota	1												1					
Mauremys reevesii	Émyde de Reeves	2443597.0	260615	Animalia Chordata Testudines  Geoemydidae Mauremys				1														
Medicago sativa	Alfalfa	9151957.0	3879	Plantae Tracheophyta Magnoliopsida Fabales Fabaceae Medicago								1										
Megaceryle alcyon	Martin-pêcheur d'Amérique	2475472.0	488309	Animalia Chordata Aves Coraciiformes Alcedinidae Megaceryle			1															
Megaladapis edwardsi	Mégaladapis d’Edwards	4827198.0	185953	Animalia Chordata Mammalia Primates Lepilemuridae Megaladapis	1															1		
Megaptera novaeangliae	Baleine à bosse	5220086.0	9773	Animalia Chordata Mammalia Cetacea Balaenopteridae Megaptera	1														1			
Melanogrammus aeglefinus	Aiglefin	2415822.0	8056	Animalia Chordata  Gadiformes Gadidae Melanogrammus					1										1			
Melanosuchus niger	Caïman noir	2441409.0	38656	Animalia Chordata Crocodylia  Alligatoridae Melanosuchus				1														1
Meleagris gallopavo	Dindon sauvage	9606290.0	9103	Animalia Chordata Aves Galliformes Phasianidae Meleagris			1									1						
Meles meles	Blaireau Européen	2433875.0	9662	Animalia Chordata Mammalia Carnivora Mustelidae Meles	1												1					
Melopsittacus undulatus	Perruche ondulée	2479798.0	13146	Animalia Chordata Aves Psittaciformes Psittacidae Melopsittacus			1															
Mentha spicata	Menthe crépue	2927175.0	29719	Plantae Tracheophyta Magnoliopsida Lamiales Lamiaceae Mentha								1			1							
Mercenaria mercenaria	Palourde américaine	2287668.0	6596	Animalia Mollusca Bivalvia Venerida Veneridae Mercenaria							1								1			
Metachirus nudicaudatus	Opossum brun à quatre yeux	9686324.0	42725	Animalia Chordata Mammalia Didelphimorphia Didelphidae Metachirus		1																
Micrococcus luteus	Microcoque jaune	9096291.0	1270	Bacteria Actinobacteriota Actinomycetia Actinomycetales Micrococcaceae Micrococcus										1								
Mimus polyglottos	Moqueur polyglotte	5231677.0	60713	Animalia Chordata Aves Passeriformes Mimidae Mimus			1															
Mirounga leonina	Eléphant De Mer Austral	2434814.0	9715	Animalia Chordata Mammalia Carnivora Phocidae Mirounga	1														1			
Mola mola	Môle	5213725.0	94237	Animalia Chordata  Tetraodontiformes Molidae Mola					1										1		1	
Monodelphis domestica	Opossum-musaraigne gris	2439965.0	13616	Animalia Chordata Mammalia Didelphimorphia Didelphidae Monodelphis		1																
Morchella conica	morille conique	2594617.0	5194	Fungi Ascomycota Pezizomycetes Pezizales Morchellaceae Morchella									1		1							
Morchella esculenta	morille délicieuse	2594602.0	39407	Fungi Ascomycota Pezizomycetes Pezizales Morchellaceae Morchella									1		1							
Morelia spilota	Python tapis	5225659.0	51896	Animalia Chordata Squamata  Pythonidae Morelia				1														
Mucor mucedo	Mucor mucède	5250488.0	29922	Fungi Mucoromycota Mucoromycetes Mucorales Mucoraceae Mucor									1									
Mugil cephalus	Cabot	8189568.0	48193	Animalia Chordata  Mugiliformes Mugilidae Mugil					1										1			
Muntiacus reevesi	muntjac de chine	2440946.0	9886	Animalia Chordata Mammalia Artiodactyla Cervidae Muntiacus	1																	
Mus musculus	Souris domestique	7429082.0	10090	Animalia Chordata Mammalia Rodentia Muridae Mus	1											1	1					
Musa acuminata	Bananier sauvage / Bananier à fruits	2762680.0	4641	Plantae Tracheophyta Liliopsida Zingiberales Musaceae Musa								1			1							
Musa balbisiana	Bananier de Balbis	2762950.0	52838	Plantae Tracheophyta Liliopsida Zingiberales Musaceae Musa								1			1							
Musca domestica	Mouche domestique	1524843.0	7370	Animalia Arthropoda Insecta Diptera Muscidae Musca							1											
Mustela erminea	Hermine	5219019.0	36723	Animalia Chordata Mammalia Carnivora Mustelidae Mustela	1												1					
Mutinus caninus	Phallus de chien	5239473.0	90953	Fungi Basidiomycota Agaricomycetes Phallales Phallaceae Mutinus									1									
Mya arenaria	mye commune	7791733.0	6604	Animalia Mollusca Bivalvia Myida Myidae Mya							1								1			
Mycena galericulata	Mycène en casque	2526880.0	71905	Fungi Basidiomycota Agaricomycetes Agaricales Mycenaceae Mycena									1									
Mycobacterium leprae	Bacille de Hansen (Lèpre)	3225137.0	1769	Bacteria Actinobacteriota Actinomycetia Mycobacteriales Mycobacteriaceae Mycobacterium										1				1				
Mycobacterium tuberculosis	Bacille de Koch (Tuberculose)	3225140.0	1773	Bacteria Actinobacteriota Actinomycetia Mycobacteriales Mycobacteriaceae Mycobacterium										1				1				
Mycoplasmoides pneumoniae	Mycoplasme pneumoniae (Pneumonie)	3225982.0	272634	Bacteria Firmicutes Bacilli Mycoplasmatales Mycoplasmataceae Mycoplasma										1				1				
Myocastor coypus	ragondin	4264680.0	10157	Animalia Chordata Mammalia Rodentia Myocastoridae Myocastor	1												1					
Myotis myotis	Grand murin	2432416.0	51298	Animalia Chordata Mammalia Chiroptera Vespertilionidae Myotis	1												1					
Myrmecobius fasciatus	Fourmilier Marsupial Rayé	5219465.0	55782	Animalia Chordata Mammalia Dasyuromorphia Myrmecobiidae Myrmecobius		1																
Myrmecophaga tridactyla	Grand Fourmilier	2436346.0	71006	Animalia Chordata Mammalia Pilosa Myrmecophagidae Myrmecophaga	1																	
Mytilus edulis	Moule commune	8288896.0	6550	Animalia Mollusca Bivalvia Mytilida Mytilidae Mytilus							1								1			
Mytilus galloprovincialis	Moule méditerranéenne	2285683.0	29158	Animalia Mollusca Bivalvia Mytilida Mytilidae Mytilus							1								1			
Naja melanoleuca	Cobra des forêts	2470376.0	8643	Animalia Chordata Squamata  Elapidae Naja				1														
Naja naja	Cobra indien	2470351.0	35670	Animalia Chordata Squamata  Elapidae Naja				1														1
Narcissus pseudonarcissus	jonquille	2858244.0	39639	Plantae Tracheophyta Liliopsida Asparagales Amaryllidaceae Narcissus								1										
Nasua nasua	Coati à queue annelée	2433536.0	9651	Animalia Chordata Mammalia Carnivora Procyonidae Nasua	1																	
Nautilus pompilius	Nautile	2289202.0	34573	Animalia Mollusca Cephalopoda Nautilida Nautilidae Nautilus							1											
Neisseria gonorrhoeae	Gonocoque (Gonorrhée)	3220217.0	485	Bacteria Proteobacteria Gammaproteobacteria Burkholderiales Neisseriaceae Neisseria										1				1				
Neisseria meningitidis	Méningocoque (Méningite à méningocoque)	3220226.0	487	Bacteria Proteobacteria Gammaproteobacteria Burkholderiales Neisseriaceae Neisseria										1				1				
Nelumbo nucifera	Lotus sacré	2882449.0	4432	Plantae Tracheophyta Magnoliopsida Proteales Nelumbonaceae Nelumbo								1										
Nephrops norvegicus	Langoustine	2226962.0	6829	Animalia Arthropoda Malacostraca Decapoda Nephropidae Nephrops							1								1			
Nereis diversicolor	Hediste diversicolor	11394559.0	126592	Animalia Annelida Polychaeta Phyllodocida Nereididae Hediste							1								1			
Neurospora crassa	Neurospora crassa	5253986.0	5141	Fungi Ascomycota Sordariomycetes Sordariales Sordariaceae Neurospora									1									
Nezara viridula	Punaise verte puante	2078852.0	85310	Animalia Arthropoda Insecta Hemiptera Pentatomidae Nezara							1											
Nicotiana tabacum	Tabac	2928774.0	4097	Plantae Tracheophyta Magnoliopsida Solanales Solanaceae Nicotiana								1										
Ningaui yvonneae	Ningaui Austral	4826884.0	32554	Animalia Chordata Mammalia Dasyuromorphia Dasyuridae Ningaui		1																
Notamacropus agilis	wallaby agile	11951155.0	9313	Animalia Chordata Mammalia Diprotodontia Macropodidae Macropus		1																
Notechis scutatus	Serpent-tigre	2449662.0	8663	Animalia Chordata Squamata  Elapidae Notechis				1														
Nothofagus grandis	Hêtre austral	2874877.0	28943	Plantae Tracheophyta Magnoliopsida Fagales Nothofagaceae Nothofagus								1										
Notoryctes typhlops	Grande taupe marsupiale	2440825.0	37699	Animalia Chordata Mammalia Notoryctemorphia Notoryctidae Notoryctes	1																	
Numida meleagris	Pintade de Numidie	2473341.0	8996	Animalia Chordata Aves Galliformes Numididae Numida			1									1						
Nymphaea alba	Nénuphar blanc	2882437.0	34301	Plantae Tracheophyta Magnoliopsida Nymphaeales Nymphaeaceae Nymphaea								1										
Ochotona princeps	Pika américain	2436982.0	9978	Animalia Chordata Mammalia Lagomorpha Ochotonidae Ochotona	1																	
Ocimum basilicum	Basilic (plante)	2927096.0	39350	Plantae Tracheophyta Magnoliopsida Lamiales Lamiaceae Ocimum								1			1							
Octodon degus	Dègue du Chili	5219900.0	10160	Animalia Chordata Mammalia Rodentia Octodontidae Octodon	1																	
Octopus vulgaris	pieuvre commune	2289671.0	6645	Animalia Mollusca Cephalopoda Octopoda Octopodidae Octopus							1								1		1	
Odobenus rosmarus	Morse	5218819.0	9707	Animalia Chordata Mammalia Carnivora Odobenidae Odobenus	1														1			
Okapia johnstoni	Okapi	2441207.0	86973	Animalia Chordata Mammalia Artiodactyla Giraffidae Okapia	1																	
Olea europaea	Olivier d’Europe	5415040.0	4146	Plantae Tracheophyta Magnoliopsida Lamiales Oleaceae Olea								1			1							
Omphalotus olearius	Pleurote de l’olivier	2538088.0	72120	Fungi Basidiomycota Agaricomycetes Agaricales Omphalotaceae Omphalotus									1									
Oncorhynchus mykiss	truite arc-en-ciel	5204019.0	8022	Animalia Chordata  Salmoniformes Salmonidae Oncorhynchus					1													
Oncorhynchus tshawytscha	Saumon quinnat	5204024.0	74940	Animalia Chordata  Salmoniformes Salmonidae Oncorhynchus					1													
Ondatra zibethicus	rat musqué	5219858.0	10060	Animalia Chordata Mammalia Rodentia Cricetidae Ondatra	1												1					
Ophiophagus hannah	Cobra royal	2469850.0	8665	Animalia Chordata Squamata  Elapidae Ophiophagus				1														1
Opilio canestrinii	Faucheux de Canestrini	4553496.0	1907025	Animalia Arthropoda Arachnida Opiliones Phalangiidae Opilio							1											
Orchis mascula	Orchis mâle	2849427.0	59338	Plantae Tracheophyta Liliopsida Asparagales Orchidaceae Orchis								1										
Orcinus orca	Epaulard	2440483.0	9733	Animalia Chordata Mammalia Cetacea Delphinidae Orcinus	1																	
Oreochromis niloticus	Tilapia du Nil	4285694.0	8128	Animalia Chordata  Perciformes Cichlidae Oreochromis					1													
Origanum vulgare	Marjolaine sauvage	2926612.0	39352	Plantae Tracheophyta Magnoliopsida Lamiales Lamiaceae Origanum								1			1							
Ornithorhynchus anatinus	Ornithorynque	2433376.0	9258	Animalia Chordata Mammalia Monotremata Ornithorhynchidae Ornithorhynchus	1																1	
Orycteropus afer	Oryctérope	5218416.0	9818	Animalia Chordata Mammalia Tubulidentata Orycteropodidae Orycteropus	1																	
Oryctolagus cuniculus	Lapin de garenne	2436940.0	9986	Animalia Chordata Mammalia Lagomorpha Leporidae Oryctolagus	1											1					1	
Oryx leucoryx	Oryx blanc	5220164.0	39411	Animalia Chordata Mammalia Artiodactyla Bovidae Oryx	1																	
Oryza sativa	riz asiatique	2703459.0	4530	Plantae Tracheophyta Liliopsida Poales Poaceae Oryza								1			1							
Oryzias latipes	Médaka japonais	2368377.0	8090	Animalia Chordata  Beloniformes Adrianichthyidae Oryzias					1													
Osphranter robustus	Wallaroo	12056282.0	9319	Animalia Chordata Mammalia Diprotodontia Macropodidae Macropus		1																
Ostrea edulis	Huître plate	2286060.0	37623	Animalia Mollusca Bivalvia Ostreida Ostreidae Ostrea							1											
Otolemur garnettii	Galago de Garnett	2436511.0	30611	Animalia Chordata Mammalia Primates Galagidae Otolemur	1															1		
Ovis aries	Mouton domestique	2441110.0	9940	Animalia Chordata Mammalia Artiodactyla Bovidae Ovis	1											1					1	
Ovis canadensis	Mouflon D'Amérique	2441119.0	37174	Animalia Chordata Mammalia Artiodactyla Bovidae Ovis	1																	
Pagellus erythrinus	Pageot commun	2392554.0	50593	Animalia Chordata  Perciformes Sparidae Pagellus					1													
Palaemon serratus	Crevette rose	2224987.0	645159	Animalia Arthropoda Malacostraca Decapoda Palaemonidae Palaemon							1								1			
Pan paniscus	Bonobo	5219533.0	9597	Animalia Chordata Mammalia Primates Hominidae Pan	1															1		
Pan troglodytes	Chimpanzé	5219534.0	9598	Animalia Chordata Mammalia Primates Hominidae Pan	1															1		
Pandinus imperator	Scorpion empereur	6894611.0	55084	Animalia Arthropoda Arachnida Scorpiones Scorpionidae Pandinus							1											
Pandion haliaetus	Balbuzard pêcheur	2480726.0	56262	Animalia Chordata Aves Accipitriformes Pandionidae Pandion			1												1			
Pangasianodon hypophthalmus	Pangasius	2340714.0	310915	Animalia Chordata  Siluriformes Pangasiidae Pangasianodon					1													
Panicum miliaceum	Millet commun	2705090.0	4540	Plantae Tracheophyta Liliopsida Poales Poaceae Panicum								1			1							
Panthera leo	Lion	5219404.0	9689	Animalia Chordata Mammalia Carnivora Felidae Panthera	1																	
Panthera onca	Jaguar	5219426.0	9690	Animalia Chordata Mammalia Carnivora Felidae Panthera	1																	
Panthera pardus	Léopard	5219436.0	9691	Animalia Chordata Mammalia Carnivora Felidae Panthera	1																	
Panthera tigris	Tigre	5219416.0	9694	Animalia Chordata Mammalia Carnivora Felidae Panthera	1																	
Pantherophis guttatus	Serpent des blés	2455615.0	94885	Animalia Chordata Squamata  Colubridae Pantherophis				1														
Panulirus argus	Langouste Blanche	2221646.0	6737	Animalia Arthropoda Malacostraca Decapoda Palinuridae Panulirus							1											
Papaver rhoeas	Coquelicot	2888443.0	33128	Plantae Tracheophyta Magnoliopsida Ranunculales Papaveraceae Papaver								1										
Papilio demoleus	Machaon citron	1938069.0	76202	Animalia Arthropoda Insecta Lepidoptera Papilionidae Papilio							1											
Papilio machaon	grand porte-queue	8225376.0	76193	Animalia Arthropoda Insecta Lepidoptera Papilionidae Papilio							1											
Papio anubis	Babouin anubis	5707341.0	9555	Animalia Chordata Mammalia Primates Cercopithecidae Papio	1															1		
Paracanthurus hepatus	Chirurgien Bleu	2379534.0	75030	Animalia Chordata  Perciformes Acanthuridae Paracanthurus					1													
Pardosa amentata	Araignée Loup	2146241.0	75001	Animalia Arthropoda Arachnida Araneae Lycosidae Pardosa							1											
Parus major	Mésange charbonnière	9705453.0	9157	Animalia Chordata Aves Passeriformes Paridae Parus			1										1					
Passer domesticus	Moineau domestique	5231190.0	48849	Animalia Chordata Aves Passeriformes Passeridae Passer			1										1					
Patella vulgata	Patelle commune	5190391.0	6465	Animalia Mollusca Gastropoda  Patellidae Patella							1								1			
Pavo cristatus	Paon bleu	9451184.0	9049	Animalia Chordata Aves Galliformes Phasianidae Pavo			1														1	
Pecten maximus	Coquille Saint-Jacques	2285980.0	6579	Animalia Mollusca Bivalvia Pectinida Pectinidae Pecten							1								1			
Pediculus humanus	Pou de l'humain	4987991.0	121225	Animalia Arthropoda Insecta Psocodea Pediculidae Pediculus							1											
Pelecanus occidentalis	Pélican brun	5229158.0	37043	Animalia Chordata Aves Pelecaniformes Pelecanidae Pelecanus			1												1			
Pelodiscus sinensis	Trionyx de Chine	5220435.0	13735	Animalia Chordata Testudines  Trionychidae Pelodiscus				1														
Pelomedusa subrufa	Péloméduse subrufe	10545407.0	44522	Animalia Chordata Testudines  Pelomedusidae Pelomedusa				1														
Pelophylax ridibundus	Grenouille rieuse	2426661.0	8406	Animalia Chordata Amphibia Anura Ranidae Pelophylax				1														
Penaeus monodon	Crevette géante tigrée	8406925.0	6687	Animalia Arthropoda Malacostraca Decapoda Penaeidae Penaeus							1											
Penicillium camemberti	Penicillium du camembert	2597624.0	5075	Fungi Ascomycota Eurotiomycetes Eurotiales Aspergillaceae Penicillium									1									
Penicillium chrysogenum	Penicillium notatum	3466349.0	5076	Fungi Ascomycota Eurotiomycetes Eurotiales Aspergillaceae Penicillium									1									
Penicillium roqueforti	Penicillium du roquefort	2597774.0	5082	Fungi Ascomycota Eurotiomycetes Eurotiales Aspergillaceae Penicillium									1									
Perameles nasuta	Péramèle À Long Nez	5219457.0	9344	Animalia Chordata Mammalia Peramelemorphia Peramelidae Perameles		1																
Perca fluviatilis	perche	8140485.0	8168	Animalia Chordata  Perciformes Percidae Perca					1													
Periophthalmus barbarus	Périophthalme	2376966.0	166755	Animalia Chordata  Perciformes Gobiidae Periophthalmus					1													
Periplaneta americana	Blatte américaine	2000152.0	6978	Animalia Arthropoda Insecta Blattodea Blattidae Periplaneta							1											1
Persea americana	avocatier	3034046.0	3435	Plantae Tracheophyta Magnoliopsida Laurales Lauraceae Persea								1			1							
Petaurus australis	Phalanger du Sud	2440050.0	282342	Animalia Chordata Mammalia Diprotodontia Petauridae Petaurus		1																
Petaurus breviceps	Pétaure du sucre	2440043.0	34899	Animalia Chordata Mammalia Diprotodontia Petauridae Petaurus		1																
Petrogale xanthopus	Pétrogale à pied jaune	2440122.0	9325	Animalia Chordata Mammalia Diprotodontia Macropodidae Petrogale		1															1	
Petroselinum crispum	persil	7828157.0	4043	Plantae Tracheophyta Magnoliopsida Apiales Apiaceae Petroselinum								1			1							
Phalacrocorax carbo	Grand Cormoran	2481890.0	9209	Animalia Chordata Aves Suliformes Phalacrocoracidae Phalacrocorax			1												1			
Phallus impudicus	Satyre puant	3314876.0	146781	Fungi Basidiomycota Agaricomycetes Phallales Phallaceae Phallus									1									
Phascogale calura	Petit Phascogale	2435449.0	38776	Animalia Chordata Mammalia Dasyuromorphia Dasyuridae Phascogale		1																
Phascogale tapoatafa	Grand Phascogale	2435448.0	9293	Animalia Chordata Mammalia Dasyuromorphia Dasyuridae Phascogale		1																
Phascolarctos cinereus	koala	2440012.0	38626	Animalia Chordata Mammalia Diprotodontia Phascolarctidae Phascolarctos		1															1	
Phaseolus vulgaris	Haricot	5350452.0	3885	Plantae Tracheophyta Magnoliopsida Fabales Fabaceae Phaseolus								1			1							
Phasianus colchicus	Faisan de Colchide	9752149.0	9054	Animalia Chordata Aves Galliformes Phasianidae Phasianus			1										1					
Phelsuma grandis	Gecko diurne de Madagascar	2447558.0	447333	Animalia Chordata Squamata  Gekkonidae Phelsuma				1														
Philander opossum	Opossum Gris Quatre-yeux	5219950.0	9272	Animalia Chordata Mammalia Didelphimorphia Didelphidae Philander		1																
Phoca vitulina	Phoque commun	2434793.0	9720	Animalia Chordata Mammalia Carnivora Phocidae Phoca	1														1		1	
Phoenicopterus chilensis	Flamant du Chili	2481110.0	117000	Animalia Chordata Aves Phoenicopteriformes Phoenicopteridae Phoenicopterus			1															
Phoenicopterus roseus	Flamant rose	4352332.0	435638	Animalia Chordata Aves Phoenicopteriformes Phoenicopteridae Phoenicopterus			1															
Phoenix dactylifera	Palmier-dattier	6109699.0	42345	Plantae Tracheophyta Liliopsida Arecales Arecaceae Phoenix								1			1							
Pholcus phalangioides	Pholque phalangide	2149937.0	6932	Animalia Arthropoda Arachnida Araneae Pholcidae Pholcus							1											
Phoneutria nigriventer	Araignée errante brésilienne	2152822.0	6918	Animalia Arthropoda Arachnida Araneae Ctenidae Phoneutria							1											1
Phrynosoma cornutum	Phrynosome cornu	5222413.0	43610	Animalia Chordata Squamata  Phrynosomatidae Phrynosoma				1														
Phthirus pubis	Morpion (poux du pubis)	1032456.0	121228	Animalia Arthropoda Insecta Psocodea Pthiridae Pthirus							1											
Phyllobates terribilis	Phyllobate terrible	5218020.0	111132	Animalia Chordata Amphibia Anura Dendrobatidae Phyllobates				1														
Physeter catodon	Cachalot	2440352.0	9755	Animalia Chordata Mammalia Cetacea Physeteridae Physeter	1																	
Pica pica	Pie bavarde	5229490.0	34924	Animalia Chordata Aves Passeriformes Corvidae Pica			1										1					
Picea abies	Épicéa commun	5284884.0	3329	Plantae Tracheophyta Pinopsida Pinales Pinaceae Picea								1										
Pichia pastoris	Pichia pastoris	2599390.0	4922	Fungi Ascomycota Saccharomycetes Saccharomycetales Saccharomycetaceae Komagataella									1									
Picus viridis	Pic vert	2478523.0	100825	Animalia Chordata Aves Piciformes Picidae Picus			1										1					
Pieris brassicae	piéride du chou	1920506.0	7116	Animalia Arthropoda Insecta Lepidoptera Pieridae Pieris							1											
Pinus pinea	Pin pignon	5285165.0	3346	Plantae Tracheophyta Pinopsida Pinales Pinaceae Pinus								1										
Pinus sylvestris	Pin sylvestre	5285637.0	3349	Plantae Tracheophyta Pinopsida Pinales Pinaceae Pinus								1										
Pipistrellus pipistrellus	Pipistrelle Commune	5218465.0	59474	Animalia Chordata Mammalia Chiroptera Vespertilionidae Pipistrellus	1												1					
Pisolithus arhizus	Pisolithe tinctorial	2525455.0	80664	Fungi Basidiomycota Agaricomycetes Boletales Sclerodermataceae Pisolithus									1									
Pistacia vera	pistache	3190585.0	55513	Plantae Tracheophyta Magnoliopsida Sapindales Anacardiaceae Pistacia								1			1							
Pisum sativum	Pois potager	5347845.0	3888	Plantae Tracheophyta Magnoliopsida Fabales Fabaceae Lathyrus								1			1							
Planigale maculata	Planigale Commun	2435458.0	9297	Animalia Chordata Mammalia Dasyuromorphia Dasyuridae Planigale		1																
Platanus acerifolia	Platane commun	3152815.0	140101	Plantae Tracheophyta Magnoliopsida Proteales Platanaceae Platanus								1										
Plestiodon fasciatus	Scinque à cinq lignes	5789613.0	463523	Animalia Chordata Squamata  Scincidae Plestiodon				1														
Pleuronectes platessa	Carrelet	7700106.0	8262	Animalia Chordata  Pleuronectiformes Pleuronectidae Pleuronectes					1										1			
Pleurotus eryngii	Pleurote du panicaut	9075265.0	5323	Fungi Basidiomycota Agaricomycetes Agaricales Pleurotaceae Pleurotus									1		1							
Pleurotus ostreatus	Pleurote en huître	2526530.0	5322	Fungi Basidiomycota Agaricomycetes Agaricales Pleurotaceae Pleurotus									1		1							
Ploceus cucullatus	Tisserin gendarme	2494058.0	135448	Animalia Chordata Aves Passeriformes Ploceidae Ploceus			1															
Podarcis muralis	lézard des murailles	2469188.0	64176	Animalia Chordata Squamata  Lacertidae Podarcis				1														
Podocnemis unifilis	Podocnémide de Cayenne	2442782.0	227871	Animalia Chordata Testudines  Podocnemididae Podocnemis				1														
Poecilia reticulata	Guppy	2350050.0	8081	Animalia Chordata  Cyprinodontiformes Poeciliidae Poecilia					1													
Pogona vitticeps	Agame barbu	2465641.0	103695	Animalia Chordata Squamata  Agamidae Pogona				1														
Pollachius virens	lieu noir  merlan noir	2415861.0	8060	Animalia Chordata  Gadiformes Gadidae Pollachius					1										1			
Polyodon spathula	Poisson Spatule	5212833.0	7913	Animalia Chordata  Acipenseriformes Polyodontidae Polyodon					1													
Pomacanthus imperator	Ange de mer impérial	2396426.0	109711	Animalia Chordata  Perciformes Pomacanthidae Pomacanthus					1													
Pongo abelii	Orang-outan de Sumatra	5707420.0	9601	Animalia Chordata Mammalia Primates Hominidae Pongo	1															1	1	
Pongo pygmaeus	Orang-outan de Bornéo	5219532.0	9600	Animalia Chordata Mammalia Primates Hominidae Pongo	1															1		
Pongo tapanuliensis	Orang-outan de Tapanuli	9311132.0	2051901	Animalia Chordata Mammalia Primates Hominidae Pongo	1															1		
Populus tremula	Peuplier tremble	3040249.0	113636	Plantae Tracheophyta Magnoliopsida Malpighiales Salicaceae Populus								1										
Porcellio scaber	Cloporte rugueux	6284337.0	64697	Animalia Arthropoda Malacostraca Isopoda Porcellionidae Porcellio							1											
Porphyra umbilicalis	Porphyre ombiliqué / Nori	5275705.0	2786	Plantae Rhodophyta Bangiophyceae Bangiales Bangiaceae Porphyra								1										
Portunus trituberculatus	Étrille japonaise	5716110.0	210409	Animalia Arthropoda Malacostraca Decapoda Portunidae Portunus							1											
Potorous tridactylus	Potoro à trois doigts	2440019.0	9310	Animalia Chordata Mammalia Diprotodontia Potoroidae Potorous		1																
Prionace glauca	Requin bleu	2417940.0	7815	Animalia Chordata Elasmobranchii Carcharhiniformes Carcharhinidae Prionace					1													
Prionailurus bengalensis	Chat de Chine	2434903.0	37029	Animalia Chordata Mammalia Carnivora Felidae Prionailurus	1																	
Procambarus clarkii	Écrevisse de Louisiane	2227300.0	6728	Animalia Arthropoda Malacostraca Decapoda Cambaridae Procambarus							1											
Procavia capensis	Daman de rocher	5219598.0	9813	Animalia Chordata Mammalia Hyracoidea Procaviidae Procavia	1																	
Procellaria aequinoctialis	Puffin à menton blanc	2481495.0	53665	Animalia Chordata Aves Procellariiformes Procellariidae Procellaria			1															
Procyon lotor	Raton laveur	5218786.0	9654	Animalia Chordata Mammalia Carnivora Procyonidae Procyon	1												1				1	
Propithecus verreauxi	Propithèque De Verreaux	5219530.0	34825	Animalia Chordata Mammalia Primates Indriidae Propithecus	1															1		
Proteus mirabilis	Proteus mirabilis (Infection urinaire)	10887515.0	584	Bacteria Proteobacteria Gammaproteobacteria Enterobacterales Enterobacteriaceae Proteus										1				1				
Protopterus annectens	Protoptère de l’Ouest	2441257.0	7888	Animalia Chordata Dipneusti Ceratodontiformes Protopteridae Protopterus					1													
Prunus armeniaca	Abricotier	7818643.0	36596	Plantae Tracheophyta Magnoliopsida Rosales Rosaceae Prunus								1			1							
Prunus avium	cerisier des oiseaux	3020791.0	42229	Plantae Tracheophyta Magnoliopsida Rosales Rosaceae Prunus								1			1							
Prunus domestica	Prunier	7931731.0	3758	Plantae Tracheophyta Magnoliopsida Rosales Rosaceae Prunus								1			1							
Prunus dulcis	amandier	3020559.0	3755	Plantae Tracheophyta Magnoliopsida Rosales Rosaceae Prunus								1			1							
Prunus persica	Pêche	8149923.0	3760	Plantae Tracheophyta Magnoliopsida Rosales Rosaceae Prunus								1			1							
Pseudomonas aeruginosa	Pseudomonas aeruginosa (Infection à Pseudomonas)	10894522.0	287	Bacteria Proteobacteria Gammaproteobacteria Pseudomonadales Pseudomonadaceae Pseudomonas										1				1				
Psidium guajava	Goyavier	5420380.0	120290	Plantae Tracheophyta Magnoliopsida Myrtales Myrtaceae Psidium								1			1							
Psittacus erithacus	Perroquet jaco	2480181.0	57247	Animalia Chordata Aves Psittaciformes Psittacidae Psittacus			1															
Pteridium aquilinum	fougère-aigle	5275012.0	32101	Plantae Tracheophyta Polypodiopsida Polypodiales Dennstaedtiaceae Pteridium								1										
Pterois volitans	Poisson-lion rouge	2334438.0	185886	Animalia Chordata  Scorpaeniformes Scorpaenidae Pterois					1										1			1
Pteropus vampyrus	Roussette de Malaisie	5218644.0	132908	Animalia Chordata Mammalia Chiroptera Pteropodidae Pteropus	1																	
Puma concolor	Puma	2435099.0	9696	Animalia Chordata Mammalia Carnivora Felidae Puma	1																	
Punica granatum	Grenadier	5420901.0	22663	Plantae Tracheophyta Magnoliopsida Myrtales Lythraceae Punica								1			1							
Pygoscelis adeliae	Manchot d'Adélie	2481663.0	9238	Animalia Chordata Aves Sphenisciformes Spheniscidae Pygoscelis			1														1	
Pyrus communis	Poirier commun	5362573.0	23211	Plantae Tracheophyta Magnoliopsida Rosales Rosaceae Pyrus								1			1							
Python bivittatus	Python birman	4820533.0	176946	Animalia Chordata Squamata  Pythonidae Python				1														
Python regius	Python Royal	2465380.0	51751	Animalia Chordata Squamata  Pythonidae Python				1														
Python reticulatus	Python réticulé	7587934.0	1496311	Animalia Chordata Squamata  Pythonidae Malayopython				1														
Python sebae	Python de Seba	2465346.0	51752	Animalia Chordata Squamata  Pythonidae Python				1														
Quercus robur	Chêne Pédonculé	2878688.0	38942	Plantae Tracheophyta Magnoliopsida Fagales Fagaceae Quercus								1										
Ramaria botrytis	clavaire à pointes roses	7486196.0	113081	Fungi Basidiomycota Agaricomycetes Gomphales Gomphaceae Ramaria									1		1							
Ramphastos toco	Toucan toco	2478765.0	95723	Animalia Chordata Aves Piciformes Ramphastidae Ramphastos			1															
Rana dalmatina	grenouille agile	2426760.0	51331	Animalia Chordata Amphibia Anura Ranidae Rana				1														
Rana japonica	Grenouille japonaise	2426816.0	8402	Animalia Chordata Amphibia Anura Ranidae Rana				1														
Rana temporaria	grenouille rousse	2426805.0	8407	Animalia Chordata Amphibia Anura Ranidae Rana				1														
Rangifer tarandus	Renne	5220114.0	9870	Animalia Chordata Mammalia Artiodactyla Cervidae Rangifer	1												1					
Raphanus sativus	Radis	7678610.0	3726	Plantae Tracheophyta Magnoliopsida Brassicales Brassicaceae Raphanus								1			1							
Rattus norvegicus	Rat brun	2439261.0	10116	Animalia Chordata Mammalia Rodentia Muridae Rattus	1											1	1					
Rhea americana	Nandou d'Amérique	2495165.0	8797	Animalia Chordata Aves Rheiformes Rheidae Rhea			1															
Rhincodon typus	Requin Baleine	2417522.0	259920	Animalia Chordata Elasmobranchii Orectolobiformes Rhincodontidae Rhincodon					1													1
Rhinoceros unicornis	Rhinocéros unicorne de l'Inde	5220113.0	9809	Animalia Chordata Mammalia Perissodactyla Rhinocerotidae Rhinoceros	1																	
Rhinolophus ferrumequinum	Grand Rhinolophe fer à cheval	2432655.0	59479	Animalia Chordata Mammalia Chiroptera Rhinolophidae Rhinolophus	1												1					
Rhipicephalus sanguineus	Tique brune du chien	2183597.0	34632	Animalia Arthropoda Arachnida Ixodida Ixodidae Rhipicephalus							1											
Rhizopus stolonifer	Rhizopus stolonifère / Moisissure noire du pain	2558944.0	4846	Fungi Mucoromycota Mucoromycetes Mucorales Rhizopodaceae Rhizopus									1									
Rhodnius prolixus	Réduve de la maladie de Chagas	8743956.0	13249	Animalia Arthropoda Insecta Hemiptera Reduviidae Rhodnius							1											
Rosa gallica	Rose de France	3002530.0	74632	Plantae Tracheophyta Magnoliopsida Rosales Rosaceae Rosa								1										
Roseburia intestinalis	Roseburia intestinalis	9188872.0	166486	Bacteria Firmicutes_A Clostridia Lachnospirales Lachnospiraceae Roseburia										1								
Rosmarinus officinalis	Romarin	2926634.0	39367	Plantae Tracheophyta Magnoliopsida Lamiales Lamiaceae Salvia								1			1							
Rubus fruticosus	ronce commune	8436459.0	211815	Plantae Tracheophyta Magnoliopsida Rosales Rosaceae Rubus								1										
Rubus idaeus	Framboise	2993094.0	32247	Plantae Tracheophyta Magnoliopsida Rosales Rosaceae Rubus								1			1							
Ruditapes philippinarum	Palourde japonaise	4372686.0	129788	Animalia Mollusca Bivalvia Venerida Veneridae Ruditapes							1								1			
Ruminococcus bromii	Ruminococcus bromii	3226765.0	40518	Bacteria Firmicutes_A Clostridia Oscillospirales Ruminococcaceae Ruminococcus										1								
Russula cyanoxantha	Russule charbonnière	2551542.0	5403	Fungi Basidiomycota Agaricomycetes Russulales Russulaceae Russula									1		1							
Russula emetica	Russule émétique	2551213.0	152958	Fungi Basidiomycota Agaricomycetes Russulales Russulaceae Russula									1									
Saccharomyces cerevisiae	Levure de boulanger / Levure de bière	7440012.0	4932	Fungi Ascomycota Saccharomycetes Saccharomycetales Saccharomycetaceae Saccharomyces									1									
Saccharum officinarum	Canne à sucre	2703912.0	4547	Plantae Tracheophyta Liliopsida Poales Poaceae Saccharum								1			1							
Saimiri sciureus	Saïmiri commun	2436661.0	9521	Animalia Chordata Mammalia Primates Cebidae Saimiri	1															1		
Salix alba f. alba	Saule blanc	8795807.0	1117994	Plantae Tracheophyta Magnoliopsida Malpighiales Salicaceae Salix								1										
Salmo salar	saumon	7595433.0	8030	Animalia Chordata  Salmoniformes Salmonidae Salmo					1													
Salmo trutta	Truite fario	8215487.0	8032	Animalia Chordata  Salmoniformes Salmonidae Salmo					1													
Salmonella enterica	Salmonella enterica (Salmonellose)	9701185.0	28901	Bacteria Proteobacteria Gammaproteobacteria Enterobacterales Enterobacteriaceae Salmonella										1				1				
Salticus scenicus	Saltique chevronnée	2172595.0	243486	Animalia Arthropoda Arachnida Araneae Salticidae Salticus							1											
Salvator rufescens	Tégu rouge	8285095.0	96441	Animalia Chordata Squamata  Teiidae Salvator				1														
Salvelinus alpinus	Omble chevalier	4284021.0	8036	Animalia Chordata  Salmoniformes Salmonidae Salvelinus					1													
Salvia officinalis	Sauge officinale	2927004.0	38868	Plantae Tracheophyta Magnoliopsida Lamiales Lamiaceae Salvia								1			1							
Sander lucioperca	Sandre	2382155.0	283035	Animalia Chordata  Perciformes Percidae Sander					1													
Sapajus apella	Sapajou apelle	7477334.0	9515	Animalia Chordata Mammalia Primates Cebidae Sapajus	1															1		
Sarcophilus harrisii	diable de Tasmanie	2435451.0	9305	Animalia Chordata Mammalia Dasyuromorphia Dasyuridae Sarcophilus		1																
Sarcoptes scabiei	Sarcopte	9660512.0	52283	Animalia Arthropoda Arachnida Sarcoptiformes Sarcoptidae Sarcoptes							1											1
Sardina pilchardus	Sardine	2413224.0	27697	Animalia Chordata  Clupeiformes Clupeidae Sardina					1										1			
Sarotherodon galilaeus	Tilapia de Galilée	4285715.0	8144	Animalia Chordata  Perciformes Cichlidae Sarotherodon					1													
Scarabaeus sacer	Bousier sacré	1087226.0	166335	Animalia Arthropoda Insecta Coleoptera Scarabaeidae Scarabaeus							1											
Sceloporus occidentalis	Lézard des palissades	2451234.0	8519	Animalia Chordata Squamata  Phrynosomatidae Sceloporus				1														
Schistocerca gregaria	Criquet pèlerin	1707320.0	7010	Animalia Arthropoda Insecta Orthoptera Acrididae Schistocerca							1											
Schistosoma mansoni	Schistosome de Manson	5967489.0	6183	Animalia Platyhelminthes Trematoda Diplostomida Schistosomatidae Schistosoma							1											1
Schizophyllum commune	Schizophylle commun	5241128.0	5334	Fungi Basidiomycota Agaricomycetes Agaricales Schizophyllaceae Schizophyllum									1									
Schizosaccharomyces pombe	Levure de fission	2586935.0	4896	Fungi Ascomycota Schizosaccharomycetes Schizosaccharomycetales Schizosaccharomycetaceae Schizosaccharomyces									1									
Sciaenops ocellatus	Tambour Rouge	2400222.0	76340	Animalia Chordata  Perciformes Sciaenidae Sciaenops					1										1			
Sciurus carolinensis	Écureuil gris	5219681.0	30640	Animalia Chordata Mammalia Rodentia Sciuridae Sciurus	1												1					
Sciurus vulgaris	Ecureuil Roux	8211070.0	55149	Animalia Chordata Mammalia Rodentia Sciuridae Sciurus	1												1				1	
Scomber scombrus	Maquereau	2374149.0	13677	Animalia Chordata  Perciformes Scombridae Scomber					1										1			
Scophthalmus maximus	turbot	2409418.0	52904	Animalia Chordata  Pleuronectiformes Scophthalmidae Scophthalmus					1										1			
Secale cereale	Seigle	2705966.0	4550	Plantae Tracheophyta Liliopsida Poales Poaceae Secale								1			1							
Sepia officinalis	Casseron	2290849.0	6610	Animalia Mollusca Cephalopoda Sepiida Sepiidae Sepia							1								1			
Sequoia sempervirens	Séquoia à feuilles d'if	2683909.0	28980	Plantae Tracheophyta Pinopsida Pinales Cupressaceae Sequoia								1										
Sequoiadendron giganteum	Séquoia géant	2684120.0	99814	Plantae Tracheophyta Pinopsida Pinales Cupressaceae Sequoiadendron								1										
Serinus canaria	Serin des Canaries	2494303.0	9135	Animalia Chordata Aves Passeriformes Fringillidae Serinus			1															
Serratia marcescens	Serratia marcescens (Infection nosocomiale)	11108815.0	615	Bacteria Proteobacteria Gammaproteobacteria Enterobacterales Enterobacteriaceae Serratia										1				1				
Setaria italica	Millet des oiseaux	5289698.0	4555	Plantae Tracheophyta Liliopsida Poales Poaceae Setaria								1			1							
Shigella dysenteriae	Shigella dysenteriae (Dysenterie)	3221856.0	622	Bacteria Proteobacteria Gammaproteobacteria Enterobacterales Enterobacteriaceae Shigella										1				1				
Siganus vulpinus	Poisson-lapin à face de renard	2390172.0	175429	Animalia Chordata  Perciformes Siganidae Siganus					1													
Silurus glanis	Silure glane	2337607.0	94993	Animalia Chordata  Siluriformes Siluridae Silurus					1													
Sistrurus catenatus	Crotale massasauga	9223124.0	8756	Animalia Chordata Squamata  Viperidae Sistrurus				1														
Sitophilus oryzae	Charançon du riz	9915023.0	7048	Animalia Arthropoda Insecta Coleoptera Dryophthoridae Sitophilus							1											
Sitta europaea	Sittelle torchepot	2484916.0	50251	Animalia Chordata Aves Passeriformes Sittidae Sitta			1															
Sminthopsis macroura	Dunnart à tête rayée	2435402.0	9302	Animalia Chordata Mammalia Dasyuromorphia Dasyuridae Sminthopsis		1																
Smutsia gigantea	Pangolin géant	5786559.0	1559511	Animalia Chordata Mammalia Pholidota Manidae Manis	1																	
Solanum lycopersicum	Tomate	2930137.0	4081	Plantae Tracheophyta Magnoliopsida Solanales Solanaceae Solanum								1			1							
Solanum melongena	Aubergine	2930617.0	4111	Plantae Tracheophyta Magnoliopsida Solanales Solanaceae Solanum								1			1							
Solanum tuberosum	patate	2930262.0	4113	Plantae Tracheophyta Magnoliopsida Solanales Solanaceae Solanum								1			1							
Solea solea	Sole	5214139.0	90069	Animalia Chordata  Pleuronectiformes Soleidae Solea					1										1			
Solen marginatus	Couteau-gaine	2287239.0	251532	Animalia Mollusca Bivalvia Adapedonta Solenidae Solen							1								1			
Solenopsis invicta	Fourmi de feu rouge	5035230.0	13686	Animalia Arthropoda Insecta Hymenoptera Formicidae Solenopsis							1											
Sorex araneus	Musaraigne Carrelet	8316400.0	42254	Animalia Chordata Mammalia Soricomorpha Soricidae Sorex	1												1					
Sorghum bicolor	Sorgo commun	2705181.0	4558	Plantae Tracheophyta Liliopsida Poales Poaceae Sorghum								1			1							
Spalax ehrenbergi	Rat taupe	4264694.0	30637	Animalia Chordata Mammalia Rodentia Spalacidae Spalax	1																	
Sparassis crispa	Sparassis crépu	2550247.0	139825	Fungi Basidiomycota Agaricomycetes Polyporales Sparassidaceae Sparassis									1		1							
Sparus aurata	Daurade	2392508.0	8175	Animalia Chordata  Perciformes Sparidae Sparus					1													
Sphagnum palustre	Sphaigne palustre	2669006.0	13805	Plantae Bryophyta Sphagnopsida Sphagnales Sphagnaceae Sphagnum								1										
Spheniscus demersus	Manchot du Cap	5229384.0	92683	Animalia Chordata Aves Sphenisciformes Spheniscidae Spheniscus			1															
Sphenodon punctatus	Hatteria Ponctué	5227650.0	8508	Animalia Chordata Sphenodontia  Sphenodontidae Sphenodon				1														
Sphyrna mokarran	Grand Requin-marteau	2418792.0	195334	Animalia Chordata Elasmobranchii Carcharhiniformes Sphyrnidae Sphyrna					1													1
Spinacia oleracea	Epinard	3083647.0	3562	Plantae Tracheophyta Magnoliopsida Caryophyllales Amaranthaceae Spinacia								1			1							
Staphylococcus aureus	Staphylocoque doré (Inféctions)	3227657.0	1280	Bacteria Firmicutes Bacilli Staphylococcales Staphylococcaceae Staphylococcus										1				1				
Staphylococcus epidermidis	Staphylocoque épidermidis	3227655.0	1282	Bacteria Firmicutes Bacilli Staphylococcales Staphylococcaceae Staphylococcus										1								
Steatoda grossa	Fausse veuve des maisons	2157245.0	256750	Animalia Arthropoda Arachnida Araneae Theridiidae Steatoda							1											
Sterna hirundo	Sterne pierregarin	9367409.0	108405	Animalia Chordata Aves Charadriiformes Laridae Sterna			1												1			
Streptococcus mutans	Streptococcus mutans (Carie dentaire)	3227119.0	1309	Bacteria Firmicutes Bacilli Lactobacillales Streptococcaceae Streptococcus										1				1				
Streptococcus pneumoniae	Pneumocoque (Pneumonie)	10967718.0	1313	Bacteria Firmicutes Bacilli Lactobacillales Streptococcaceae Streptococcus										1				1				
Streptococcus pyogenes	Streptocoque du groupe A (Angine)	3227092.0	1314	Bacteria Firmicutes Bacilli Lactobacillales Streptococcaceae Streptococcus										1				1				
Streptopelia turtur	Tourterelle des bois	2495708.0	177155	Animalia Chordata Aves Columbiformes Columbidae Streptopelia			1										1					
Strix aluco	Chouette hulotte	9282206.0	111821	Animalia Chordata Aves Strigiformes Strigidae Strix			1										1					
Struthio camelus	Autruche d'Afrique	2495150.0	8801	Animalia Chordata Aves Struthioniformes Struthionidae Struthio			1															
Sturnus vulgaris	Étourneau sansonnet	9809229.0	9172	Animalia Chordata Aves Passeriformes Sturnidae Sturnus			1										1					
Suillus luteus	Bolet jaune	7777157.0	5384	Fungi Basidiomycota Agaricomycetes Boletales Suillaceae Suillus									1		1							
Sula nebouxii	Fou à pieds bleus	2480978.0	37087	Animalia Chordata Aves Suliformes Sulidae Sula			1															
Suricata suricatta	Suricate	2434126.0	37032	Animalia Chordata Mammalia Carnivora Herpestidae Suricata	1																1	
Sus scrofa	Sanglier / Cochon	7705930.0	9823	Animalia Chordata Mammalia Artiodactyla Suidae Sus	1											1	1					
Symphalangus syndactylus	Siamang	4267277.0	9590	Animalia Chordata Mammalia Primates Hylobatidae Symphalangus	1															1		
Syngnathus acus	Aiguille de mer	2332927.0	161584	Animalia Chordata  Syngnathiformes Syngnathidae Syngnathus					1										1			
Tachyglossus aculeatus	Échidnés À Nez Court Épineux	2433378.0	9261	Animalia Chordata Mammalia Monotremata Tachyglossidae Tachyglossus	1																	
Tadarida brasiliensis	Molosse du Brésil	2433011.0	9438	Animalia Chordata Mammalia Chiroptera Molossidae Tadarida	1																	
Taenia saginata	Ténia du bœuf	6101574.0	6206	Animalia Platyhelminthes Cestoda Cyclophyllidea Taeniidae Taenia							1											
Taenia solium	Ténia du porc	6101576.0	6204	Animalia Platyhelminthes Cestoda Cyclophyllidea Taeniidae Taenia							1											1
Talpa europaea	Taupe d'Europe	7872906.0	9375	Animalia Chordata Mammalia Soricomorpha Talpidae Talpa	1												1					
Tamandua tetradactyla	Fourmilier À Collier	2436340.0	48850	Animalia Chordata Mammalia Pilosa Myrmecophagidae Tamandua	1																	
Tapirus terrestris	Tapir D'Amérique	2440898.0	9801	Animalia Chordata Mammalia Perissodactyla Tapiridae Tapirus	1																	
Taraxacum officinale	Pissenlit	5394163.0	50225	Plantae Tracheophyta Magnoliopsida Asterales Asteraceae Taraxacum								1			1							
Tarentola mauritanica	Tarente de Maurétanie	2445034.0	8569	Animalia Chordata Squamata  Phyllodactylidae Tarentola				1														
Tarsipes rostratus	Tarsier à long museau	2440056.0	38632	Animalia Chordata Mammalia Diprotodontia Tarsipedidae Tarsipes		1															1	
Tarsius syrichta	Tarsier des Philippines	2436484.0	1868482	Animalia Chordata Mammalia Primates Tarsiidae Carlito	1															1		
Taxidea taxus	Taxidée américain	2434102.0	30554	Animalia Chordata Mammalia Carnivora Mustelidae Taxidea	1																	
Tegenaria domestica	Tégénaire domestique	2139961.0	209516	Animalia Arthropoda Arachnida Araneae Agelenidae Tegenaria							1											
Terrapene carolina	Tortue boîte	2443173.0	158814	Animalia Chordata Testudines  Emydidae Terrapene				1														
Testudo graeca	Tortue Mauresque	2441461.0	86975	Animalia Chordata Testudines  Testudinidae Testudo				1														
Testudo hermanni	Tortue D'Hermann	2441454.0	86976	Animalia Chordata Testudines  Testudinidae Testudo				1														
Testudo horsfieldii	Tortue Des Steppes	2441514.0	101699	Animalia Chordata Testudines  Testudinidae Testudo				1														
Testudo marginata	Tortue Bordée	2441502.0	101701	Animalia Chordata Testudines  Testudinidae Testudo				1														
Tetrao urogallus	Grand Tétras	2473577.0	100830	Animalia Chordata Aves Galliformes Phasianidae Tetrao			1															
Tetraodon nigroviridis	Tétrodon vert	5213566.0	99883	Animalia Chordata  Tetraodontiformes Tetraodontidae Dichotomyctere					1													
Thamnophis sirtalis	Couleuvre rayée	2457522.0	35019	Animalia Chordata Squamata  Colubridae Thamnophis				1														
Theobroma cacao	Cacaoyer	3152205.0	3641	Plantae Tracheophyta Magnoliopsida Malvales Malvaceae Theobroma								1										
Theraphosa blondi	Mygale Goliath	5170451.0	260533	Animalia Arthropoda Arachnida Araneae Theraphosidae Theraphosa							1											
Thraupis episcopus	Tangara évêque	2488602.0	58209	Animalia Chordata Aves Passeriformes Thraupidae Thraupis			1															
Thunnus albacares	Albacore	2374013.0	8236	Animalia Chordata  Perciformes Scombridae Thunnus					1													
Thunnus thynnus	Thon Rouge de l'Atlantique	2373980.0	8237	Animalia Chordata  Perciformes Scombridae Thunnus					1													
Thylamys elegans	opossum-souris élégant	2439908.0	191871	Animalia Chordata Mammalia Didelphimorphia Didelphidae Thylamys		1																
Thymus vulgaris	Thym commun	5341442.0	49992	Plantae Tracheophyta Magnoliopsida Lamiales Lamiaceae Thymus								1			1							
Tilia cordata	tilleul à petites feuilles	3152047.0	172266	Plantae Tracheophyta Magnoliopsida Malvales Malvaceae Tilia								1										
Tiliqua scincoides	Scinque à langue bleue	2462503.0	71010	Animalia Chordata Squamata  Scincidae Tiliqua				1														
Tlacuatzin canescens	Opossum-souris Cendré	2439932.0	225728	Animalia Chordata Mammalia Didelphimorphia Didelphidae Tlacuatzin		1																
Torpedo marmorata	Torpille Marbrée	5215518.0	7788	Animalia Chordata Elasmobranchii Torpediniformes Torpedinidae Torpedo					1										1			1
Trachemys scripta	trachémyde écrite	2443002.0	34903	Animalia Chordata Testudines  Emydidae Trachemys				1														
Tragelaphus strepsiceros	Grand Koudou	5220183.0	9946	Animalia Chordata Mammalia Artiodactyla Bovidae Tragelaphus	1																	
Trametes versicolor	Tramète versicolore	2548311.0	5325	Fungi Basidiomycota Agaricomycetes Polyporales Polyporaceae Trametes									1									
Treponema pallidum	Tréponème pâle (Syphilis)	3228214.0	160	Bacteria Spirochaetota Spirochaetia Treponematales Treponemataceae Treponema										1				1				
Tribolium castaneum	Tribolium rouge de la farine	4990338.0	7070	Animalia Arthropoda Insecta Coleoptera Tenebrionidae Tribolium							1											
Trichechus manatus	Lamantin	2435296.0	9778	Animalia Chordata Mammalia Sirenia Trichechidae Trichechus	1																	
Trichosurus vulpecula	Phalanger Blanchâtre	2440254.0	9337	Animalia Chordata Mammalia Diprotodontia Phalangeridae Trichosurus		1																
Trifolium pratense	Trefle des pres	8324121.0	57577	Plantae Tracheophyta Magnoliopsida Fabales Fabaceae Trifolium								1										
Triticum aestivum	Blé tendre	7795888.0	4565	Plantae Tracheophyta Liliopsida Poales Poaceae Triticum								1			1							
Trogon elegans	Trogon élégant	9323342.0	59415	Animalia Chordata Aves Trogoniformes Trogonidae Trogon			1															
Trombidium holosericeum	Trombidion soyeux	4540860.0	92075	Animalia Arthropoda Arachnida Trombidiformes Trombidiidae Trombidium							1											
Tuber magnatum	Truffe blanche	5258456.0	42249	Fungi Ascomycota Pezizomycetes Pezizales Tuberaceae Tuber									1		1							
Tuber melanosporum	Truffe noire	5258468.0	39416	Fungi Ascomycota Pezizomycetes Pezizales Tuberaceae Tuber									1		1							
Tulipa gesneriana	Tulipe de Gesner	5299675.0	13306	Plantae Tracheophyta Liliopsida Liliales Liliaceae Tulipa								1										
Tupinambis merianae	Tégu noir et blanc	7730412.0	96440	Animalia Chordata Squamata  Teiidae Salvator				1														
Turdus merula	Merle noir	2490719.0	9187	Animalia Chordata Aves Passeriformes Turdidae Turdus			1									1	1					
Turdus migratorius	Merle d’Amérique	9510564.0	9188	Animalia Chordata Aves Passeriformes Turdidae Turdus			1															
Tursiops truncatus	Dauphin souffleur	2440447.0	9739	Animalia Chordata Mammalia Cetacea Delphinidae Tursiops	1														1		1	
Tyto alba	Effraie des clochers	2497921.0	56313	Animalia Chordata Aves Strigiformes Tytonidae Tyto			1										1					
Ulmus minor	Orme champêtre	5361865.0	262084	Plantae Tracheophyta Magnoliopsida Rosales Ulmaceae Ulmus								1										
Ulva lactuca	laitue de mer	5273309.0	63410	Plantae Chlorophyta Ulvophyceae Ulvales Ulvaceae Ulva								1										
Upupa epops	Huppe fasciée	2498415.0	57439	Animalia Chordata Aves Bucerotiformes Upupidae Upupa			1										1					
Uromastyx aegyptia	Fouette-queue d’Égypte	9013567.0	103697	Animalia Chordata Squamata  Agamidae Uromastyx				1														
Ursus arctos	Ours brun	2433433.0	9644	Animalia Chordata Mammalia Carnivora Ursidae Ursus	1												1					
Ursus maritimus	Ours blanc	2433451.0	29073	Animalia Chordata Mammalia Carnivora Ursidae Ursus	1																1	
Vaccinium corymbosum	bleuet cultivé	2882849.0	69266	Plantae Tracheophyta Magnoliopsida Ericales Ericaceae Vaccinium								1			1							
Vaccinium vitis-idaea	airelle rouge	2882835.0	180772	Plantae Tracheophyta Magnoliopsida Ericales Ericaceae Vaccinium								1			1							
Vanessa atalanta	vulcain	1898286.0	42275	Animalia Arthropoda Insecta Lepidoptera Nymphalidae Vanessa							1											
Vanilla planifolia	Vanillier de planifolia	2803398.0	51239	Plantae Tracheophyta Liliopsida Asparagales Orchidaceae Vanilla								1			1							
Varanus exanthematicus	Varan des savanes	2470729.0	8557	Animalia Chordata Squamata  Varanidae Varanus				1														
Varanus komodoensis	Dragon des Komodos	2470854.0	61221	Animalia Chordata Squamata  Varanidae Varanus				1														1
Varanus niloticus	Varan du Nil	2470656.0	62046	Animalia Chordata Squamata  Varanidae Varanus				1														
Varanus salvator	Varan malais	2470685.0	62051	Animalia Chordata Squamata  Varanidae Varanus				1														
Varecia variegata	Lémur Vari	2436424.0	9455	Animalia Chordata Mammalia Primates Lemuridae Varecia	1															1		
Varroa destructor	Varroa	2188249.0	109461	Animalia Arthropoda Arachnida Mesostigmata Varroidae Varroa							1											
Veillonella parvula	Veillonella parvula	10847322.0	29466	Bacteria Firmicutes_C Negativicutes Veillonellales Veillonellaceae Veillonella										1								
Vibrio cholerae	Vibrion cholérique (Choléra)	3222442.0	666	Bacteria Proteobacteria Gammaproteobacteria Enterobacterales Vibrionaceae Vibrio										1				1				
Vibrio vulnificus	Vibrion vulnifique (Vibriose)	3222430.0	672	Bacteria Proteobacteria Gammaproteobacteria Enterobacterales Vibrionaceae Vibrio										1				1				
Vicia faba	Fève	2974832.0	3906	Plantae Tracheophyta Magnoliopsida Fabales Fabaceae Vicia								1			1							
Viola odorata	Violette odorante	5331181.0	97441	Plantae Tracheophyta Magnoliopsida Malpighiales Violaceae Viola								1										
Vipera ammodytes	Vipère ammodyte	2444308.0	8704	Animalia Chordata Squamata  Viperidae Vipera				1														
Vipera berus	vipère péliade	5960862.0	31155	Animalia Chordata Squamata  Viperidae Vipera				1														
Vitis vinifera	Vigne Sauvage	5372392.0	29760	Plantae Tracheophyta Magnoliopsida Vitales Vitaceae Vitis								1			1							
Vombatus ursinus	Wombat Commun	2440301.0	29139	Animalia Chordata Mammalia Diprotodontia Vombatidae Vombatus		1															1	
Vulpes vulpes	Renard roux	5219243.0	9627	Animalia Chordata Mammalia Carnivora Canidae Vulpes	1												1					
Xenopus laevis	Xénope lisse	5217334.0	8355	Animalia Chordata Amphibia Anura Pipidae Xenopus				1														
Xerocomellus chrysenteron	Bolet à chair jaune	2519413.0	1354920	Fungi Basidiomycota Agaricomycetes Boletales Boletaceae Xerocomellus									1		1							
Xiphophorus hellerii	Porte-épée	8246728.0	8084	Animalia Chordata  Cyprinodontiformes Poeciliidae Xiphophorus					1													
Xiphophorus maculatus	Platy	2350164.0	8083	Animalia Chordata  Cyprinodontiformes Poeciliidae Xiphophorus					1													
Yarrowia lipolytica	Yarrowia lipolytica	2599452.0	4952	Fungi Ascomycota Saccharomycetes Saccharomycetales Dipodascaceae Yarrowia									1									
Yersinia pestis	Bacille de la peste (Peste)	5427631.0	632	Bacteria Proteobacteria Gammaproteobacteria Enterobacterales Enterobacteriaceae Yersinia										1				1				
Zalophus californianus	Lion de mer de Californie	2433458.0	9704	Animalia Chordata Mammalia Carnivora Otariidae Zalophus	1														1			
Zea mays	Maïs	5290052.0	4577	Plantae Tracheophyta Liliopsida Poales Poaceae Zea								1			1							
Zebrasoma flavescens	Chirurgien jaune	2379869.0	175439	Animalia Chordata  Perciformes Acanthuridae Zebrasoma					1													
Zingiber officinale	Gingembre	2757280.0	94328	Plantae Tracheophyta Liliopsida Zingiberales Zingiberaceae Zingiber								1			1							
